Index,PG,MV CAViaR,MV CAViaR + AR,MV CAViaR + SAV,MV CAViaR + AS,SAV,Abs. Slope,Ind. GARCH,Adaptive
2010-01-05,0.00264329431301746,-0.026495707810553,-0.0264170850521496,-0.0291701362714721,-0.0263773388425707,-0.0163202510465273,-0.0140415760865006,-0.0159087307384502,-0.0398309986019534
2010-01-06,0.000703870036578458,-0.0268593049859607,-0.0269688928764505,-0.022448917446611,-0.0284001267085678,-0.0155988082684647,-0.0134650098361734,-0.0153666188291137,-0.0398493785669214
2010-01-07,0.0042127186440224,-0.0317792074488513,-0.0317209552623362,-0.02020817999345,-0.0326187767952103,-0.0145605625338041,-0.012898331357139,-0.0148012755745084,-0.0398981771104029
2010-01-08,0.00332208319765126,-0.0275002326530624,-0.027531791005417,-0.0226914120502163,-0.0293907676944729,-0.0143124446399212,-0.0123958381969509,-0.0144290151828745,-0.0399638927119096
2010-01-11,0.00139555692459048,-0.0280745714251774,-0.0280268669311144,-0.021719861485951,-0.0287570387025892,-0.0139111371966366,-0.0119872543313038,-0.0140153151466377,-0.0399787050652102
2010-01-12,-0.00937038701825443,-0.0284632659440335,-0.0283536576773879,-0.0193298811745895,-0.0293887453409713,-0.0131660265864072,-0.011419808602689,-0.0135327174752275,-0.0399903795677629
2010-01-13,0.00841128888323794,-0.0248656432126608,-0.0249041031163646,-0.0129995311708951,-0.0234795642497773,-0.0140671279330659,-0.0132433066620679,-0.0139616617599791,-0.0400011659289715
2010-01-14,0.0027005159932223,-0.0292149834976549,-0.0290139521001601,-0.0234881361453844,-0.0299674587273332,-0.0146950742933553,-0.0128288462009819,-0.0140593454126977,-0.0400979060074811
2010-01-15,-0.0112875547251852,-0.0247421039860065,-0.0247554713564499,-0.0206162431184497,-0.0264695680524691,-0.0141354302910054,-0.012296918073141,-0.0137161099621183,-0.0401148560851441
2010-01-19,0.0124184262235483,-0.0281103311935672,-0.0281703894277815,-0.0129826915462102,-0.0263036004397362,-0.0153258434902921,-0.014507368773029,-0.0144228469250822,-0.040139100072195
2010-01-20,-0.0102209761660816,-0.0267563479951879,-0.0266130427978573,-0.0252560489476045,-0.0276169533329888,-0.0166172955404304,-0.0140625558349961,-0.0153772438261416,-0.0402114333027227
2010-01-21,-0.0194162752890206,-0.0280618701460531,-0.028259318969122,-0.0142600689991595,-0.0273887593023283,-0.0172522095825015,-0.0160470250458609,-0.0165957178870694,-0.0404381010157955
2010-01-22,-0.0225442059062777,-0.0286162317090098,-0.0287245383202755,-0.00851821771925065,-0.0276059624684698,-0.0203833310718736,-0.0199466346033086,-0.0200678953187469,-0.0405279249412811
2010-01-25,0.0051149889174793,-0.0301635668820984,-0.0301953490381435,-0.00610775525214574,-0.0289198023697452,-0.0236219547733406,-0.0244310249294086,-0.0237735323885994,-0.0405674911886584
2010-01-26,-0.00419954903783637,-0.0298045851645355,-0.0297042248687925,-0.0226761692025788,-0.0303902002062732,-0.0226362325108208,-0.0230906465529551,-0.0226065155389746,-0.0406085611999118
2010-01-27,0.00474605777701331,-0.0284076088887843,-0.0284120565036779,-0.01683117493098,-0.0263939251955092,-0.0215514307087534,-0.0227892130549439,-0.0214529388152794,-0.0406537947132546
2010-01-28,-0.011538587025032,-0.0275016130177245,-0.0274607879913662,-0.0222534054385611,-0.029437849883834,-0.0206966396422385,-0.0215726101932701,-0.0204388815909871,-0.0406897696303607
2010-01-29,-0.0109283163495935,-0.0292889857320663,-0.0292963708871147,-0.0127812325250394,-0.0275274350949868,-0.0214114495748343,-0.0231526298555894,-0.0206286693780273,-0.0407474724131423
2010-02-01,0.0154311401695892,-0.0268193374718775,-0.026884307326535,-0.012769248922379,-0.0253322666699998,-0.0219203929771544,-0.0244638523724604,-0.0206588227498591,-0.0407881259961571
2010-02-02,0.0120304062081775,-0.0307721778897148,-0.0307414221511438,-0.0297649918367335,-0.0309251772389927,-0.0233603276338429,-0.0232726645459529,-0.021820295355151,-0.0408394466074193
2010-02-03,-0.00499464300314134,-0.0250041398131895,-0.0247639259235936,-0.0246202174418112,-0.0252475531241356,-0.0239115061465432,-0.0221261161792953,-0.0219391552618328,-0.0413421893252629
2010-02-04,-0.0313527038243491,-0.0325253553528204,-0.0325702370866715,-0.0181054836758103,-0.0302487699658471,-0.022866240630174,-0.0220913551386641,-0.0209091565874758,-0.041402841616282
2010-02-05,0.00206490815192151,-0.0277633276064933,-0.0280400223204243,-0.00197486545939515,-0.02820483360372,-0.0286522781170174,-0.0284811276567749,-0.0280715921548946,-0.041492637978968
2010-02-08,-0.00724544616166067,-0.0273774963076207,-0.0274892102198388,-0.0218607936934049,-0.0293054070260161,-0.025670195304288,-0.0269744846162725,-0.0264034820912147,-0.0415257167240438
2010-02-09,0.0124820588353174,-0.0297211334269574,-0.0297169415972003,-0.0151518654575387,-0.0276231959426243,-0.0249525555894257,-0.0270192707750288,-0.0252603883641935,-0.0415594704237771
2010-02-10,-0.00196066544469886,-0.0301662565096142,-0.029916232010562,-0.0264309165011719,-0.029608645337486,-0.0254462100725239,-0.0256640650114222,-0.0250357740940782,-0.0416562887916324
2010-02-11,0.0104122883847024,-0.0311121718625834,-0.0311080527104312,-0.019466840030525,-0.0289295972775867,-0.0235360155343218,-0.0245394482648955,-0.0235769039236632,-0.0415770850956435
2010-02-12,-0.00083285577462,-0.0288526214207351,-0.028766364968681,-0.0254944959632668,-0.0291381909907793,-0.0237154539499102,-0.0234142376722548,-0.0231593888668136,-0.0416433058116671
2010-02-16,0.0156119305428346,-0.0272816053360619,-0.0273421740664065,-0.0190650473902563,-0.0253342377653116,-0.021784170183478,-0.0222349997786967,-0.0218087268351168,-0.0416369315362243
2010-02-17,0.00472801973841541,-0.0266449879960285,-0.0264939262459727,-0.0279948344028491,-0.026356699228686,-0.0232511387817218,-0.0211156871203007,-0.0228266996760371,-0.0416862764206364
2010-02-18,0.0058776953085129,-0.0299134251792419,-0.0298200938020219,-0.0225315914278124,-0.0313190201991951,-0.0222340480376792,-0.0200393238699272,-0.0217282943198386,-0.0417223496828991
2010-02-19,0.00207152101194463,-0.0293641805073184,-0.0292550596763751,-0.0227578634078573,-0.0301484968631583,-0.0215667643881552,-0.0193134130331016,-0.0208101785871596,-0.0418003238341969
2010-02-22,0.000180045436287912,-0.0282305150887073,-0.0282402081837836,-0.0204772319951868,-0.0297093944312898,-0.0201504890126815,-0.0183846538833415,-0.0196618226564375,-0.0418136721772724
2010-02-23,-0.0122191004216727,-0.0282725378431744,-0.0282569541915772,-0.0200142381385282,-0.029989496945281,-0.0184708663169272,-0.0175006817722609,-0.0185551417586262,-0.0418980304405191
2010-02-24,0.00915556246050819,-0.0258138686910394,-0.0258987457417739,-0.0120389674869354,-0.0244717910766443,-0.019513963723472,-0.0196128200968934,-0.0191909894371661,-0.0419334776935728
2010-02-25,-0.00135446405204309,-0.0259953515258262,-0.0259316195988639,-0.0243281037173064,-0.0272121999865953,-0.019829198317987,-0.0184319773342661,-0.0190394312847239,-0.0419686590748117
2010-02-26,0.000632142902965427,-0.0266143433443604,-0.0266203835036473,-0.0185419140256291,-0.0244450114040141,-0.0184090911018405,-0.0178227497579029,-0.0179977821706891,-0.0420074382429817
2010-03-01,0.0103315162313455,-0.0275435574437745,-0.0274981751868372,-0.0199757626653443,-0.0284264698201895,-0.0168506771010712,-0.0169512257942663,-0.0170281015683895,-0.0420080813582704
2010-03-02,0.00276641343212791,-0.0275736633478827,-0.0275083207629217,-0.0252344334888555,-0.0283701492258454,-0.0177390771235646,-0.0162704580805555,-0.0174272010478058,-0.0417452191564483
2010-03-03,0.00089089122809316,-0.0290738992687386,-0.0290412534474332,-0.0209659765154991,-0.0300145927549713,-0.0168064755579107,-0.0155463684635224,-0.0165818342075099,-0.0415927772006086
2010-03-04,0.00302305039502659,-0.0297802018083728,-0.0297029116193948,-0.0203388184882901,-0.030317914098014,-0.0155454919107719,-0.0148544648724646,-0.0157215794024217,-0.0416509925524317
2010-03-05,0.0141922595581008,-0.0270296049657038,-0.0270090881551297,-0.0214251927955195,-0.0285945365449468,-0.0149055472742552,-0.0142439932160281,-0.0150442223277285,-0.0416947396881239
2010-03-08,0.000175220115072428,-0.0300727439293301,-0.0299319024069724,-0.0279710139513953,-0.0302763370594418,-0.0168825412239486,-0.0138415073790882,-0.0169290757292806,-0.0417331812929636
2010-03-09,0.00166097930559506,-0.0304814944392279,-0.0304550565575591,-0.0203224931605409,-0.0315614426947508,-0.0154500485645468,-0.0132563207867198,-0.0160252275425428,-0.0417735065985117
2010-03-10,0.00444592247042674,-0.0275867815383764,-0.0276131279451756,-0.0207782594530558,-0.0292647568049974,-0.0145095286997141,-0.0128265933544428,-0.0152487515561902,-0.0418062103087878
2010-03-11,0.00416632665696781,-0.0292028687861998,-0.029185269284628,-0.0225516905503167,-0.030369229586773,-0.0143048156818791,-0.0123293800512032,-0.0148075803844566,-0.0418318995705831
2010-03-12,8.67032712923432e-05,-0.0281501872704893,-0.0280629906149979,-0.0215730472106504,-0.0293107441643859,-0.0140581850715443,-0.0119315972166777,-0.0143277076502009,-0.0418874953751419
2010-03-15,0.000259830686161422,-0.0277259331002977,-0.0276787922343664,-0.0198084569303689,-0.0287027607960621,-0.0129069531819708,-0.0115304573345384,-0.0137337293098836,-0.041927141672438
2010-03-16,0.00793462498870934,-0.0274392206041942,-0.0273949248611494,-0.0188838103011285,-0.029354127386045,-0.011918153975913,-0.0111268324030901,-0.0131239727057169,-0.0419667162125372
2010-03-17,0.00590973218542068,-0.0261747850543802,-0.0260912569403674,-0.0236420054909352,-0.0266594432900214,-0.0127859224789952,-0.0108689174696545,-0.0134950892246617,-0.0420380335168514
2010-03-18,-0.000512497360237951,-0.0275620536385322,-0.0275750365200732,-0.0231148702007637,-0.0287764299674946,-0.0130992107259922,-0.0106174361580657,-0.0132882650074245,-0.0420397820453507
2010-03-19,-0.00507473255341928,-0.0287394455249498,-0.0286764373987896,-0.0189230790412069,-0.026581679117622,-0.0121474953716955,-0.0104257823145188,-0.0125940140848617,-0.0421043833046169
2010-03-22,0.00533176965117566,-0.0291864404699141,-0.0291857839103117,-0.0165110653675557,-0.0272978426729597,-0.0123383471550022,-0.0115382046739818,-0.0125016576090049,-0.0421505668884412
2010-03-23,0.00700883370283645,-0.0262391100222589,-0.0261871915774788,-0.0224444764169395,-0.0275588250178706,-0.0125674695229555,-0.0111197390188364,-0.0125147895976095,-0.0421961535384369
2010-03-24,-0.00486658895155667,-0.0287851906318773,-0.028671243217847,-0.023610422697823,-0.0294655065537487,-0.0131548681438568,-0.0109876091406448,-0.0127778728216693,-0.0422412125900664
2010-03-25,-0.00162780227715675,-0.0348429644798581,-0.0349305383679569,-0.0189316453056766,-0.0331126230496454,-0.0131906862212355,-0.0116505622064367,-0.0125441581282802,-0.0422934832554993
2010-03-26,-0.000599869279350074,-0.0286587838487909,-0.0285983356017888,-0.0189453795095934,-0.0265162860149682,-0.0124837013977673,-0.011598486708321,-0.0118519082125133,-0.0422061579666271
2010-03-29,0.00632745360933118,-0.0280450222223307,-0.0279826286787559,-0.0191724132143769,-0.0247624368685854,-0.0116175799735357,-0.0117112908551134,-0.0114228298243045,-0.0421036706037991
2010-03-30,0.000681486941415343,-0.0289996483096483,-0.0289075198406104,-0.0225741536418462,-0.0295991998274068,-0.0121508155287422,-0.0114022062398945,-0.0119562727794433,-0.042199052007267
2010-03-31,-0.00341291460805948,-0.0284501500658612,-0.0284384800595571,-0.0199904102330964,-0.0297987220870277,-0.0113388703851172,-0.0110720399303262,-0.011295605752187,-0.0422240640450543
2010-04-01,0.00681438702038406,-0.0280353485816162,-0.0280608709039433,-0.0175603870866256,-0.0255591402573416,-0.0111841124131633,-0.0114553884748274,-0.01088124267038,-0.0422551075022993
2010-04-05,0.0081164920719301,-0.0298621402889739,-0.0297590892664215,-0.0232468790222371,-0.0300215161018332,-0.0116827937542048,-0.010926461634023,-0.0113774777252457,-0.0422784236816581
2010-04-06,0.00235480573971358,-0.0344180095052614,-0.0343537585140195,-0.026203570712825,-0.034956143382987,-0.012830775006547,-0.010689154257777,-0.0121366192269538,-0.0423426608854279
2010-04-07,-0.00572873542812058,-0.027662789347927,-0.0277281294497385,-0.0212385309957587,-0.0293512464724817,-0.0122153700340984,-0.0103962702717528,-0.0116893406691739,-0.0423844960536101
2010-04-08,0.00345795326215814,-0.0253650575268793,-0.0254382058154906,-0.015966195050233,-0.0235578741638095,-0.0124181236892171,-0.0114683250785832,-0.0117999276016457,-0.0423956349989591
2010-04-09,0.00654585545643371,-0.0286357455388445,-0.0286183523326611,-0.0222124896956387,-0.0299620310226589,-0.012182798949884,-0.0111292655627019,-0.0115101962291372,-0.0424445008661061
2010-04-12,0.00158818315086506,-0.0274846086912195,-0.0274107823188811,-0.0228044679808179,-0.0283006756220949,-0.0126870829376068,-0.0108454260919941,-0.0118317357995692,-0.0424018801012028
2010-04-13,0.000751396861706333,-0.0268602183749216,-0.0268371966972378,-0.0200232944163499,-0.0282630242471489,-0.0119907863146683,-0.0105832616628419,-0.0113608563199861,-0.0425033927110305
2010-04-14,0.0112853212638901,-0.0275783746267231,-0.0275685221545335,-0.0200234661384897,-0.0291128630631704,-0.0111743534949936,-0.01021479689608,-0.010901932130306,-0.0416835381015303
2010-04-15,0.000824829066402799,-0.0288022148115876,-0.0287525686165062,-0.0273891034802861,-0.0294993244928115,-0.0128821495221935,-0.0100102472294452,-0.0128326577572558,-0.0417151621297828
2010-04-16,-0.0160402040661047,-0.027845942459922,-0.0278469605475985,-0.0202469478596539,-0.0292196696124533,-0.0119884874369929,-0.00976690276476539,-0.0122253872438426,-0.0417417791663032
2010-04-19,0.00376317990606001,-0.0270975085196551,-0.0271756656400634,-0.00943529627377881,-0.0258719358860409,-0.0150918765810113,-0.0137423449436879,-0.0164103814350111,-0.0418324629739735
2010-04-20,0.00889088574493702,-0.0289576636870746,-0.0289194116715861,-0.0215161898571491,-0.030665082689723,-0.0145490608199503,-0.0132558326112901,-0.0157069286136828,-0.041875540279609
2010-04-21,-0.00182157899655255,-0.027882290478688,-0.0278710198206881,-0.0248720152529286,-0.0287465035862443,-0.0153183964505414,-0.0128476825222868,-0.0160067592911711,-0.0418923434916899
2010-04-22,0.00297925820614253,-0.0277260106307063,-0.0277747850698312,-0.0193432998094292,-0.025228861306558,-0.0144285662249344,-0.012832764008242,-0.0151919574791916,-0.0419135569656663
2010-04-23,0.00650655109328735,-0.0301303767688712,-0.0301491144882181,-0.0227681447134549,-0.0314518755954568,-0.0138978711096203,-0.0124108648054901,-0.014548974100405,-0.0419692654529596
2010-04-26,-0.00378341797262038,-0.0303846894306172,-0.0303715415971162,-0.0235442153576354,-0.0312121908690871,-0.0142285575819293,-0.0120491619158253,-0.0144988077050435,-0.0420288573694849
2010-04-27,-0.0239348847462928,-0.0291445710104288,-0.0291152861093115,-0.0180440648147279,-0.0262929598777101,-0.0139026623727565,-0.012524952008295,-0.0140210907730664,-0.0420521954842306
2010-04-28,0.00756735596663827,-0.0267856216404637,-0.0270274071407471,-0.0056610213791058,-0.0267464076297685,-0.0185195931782157,-0.0178556069047757,-0.0209502636659755,-0.0421388946374009
2010-04-29,0.0123209885125419,-0.0307252748009688,-0.0307519303039942,-0.0243244903442101,-0.0320365393773417,-0.0184704758472869,-0.0170741856770972,-0.0201689625941397,-0.0420803907874534
2010-04-30,-0.017107077844571,-0.0245136273871338,-0.0243450789105751,-0.0260652030294325,-0.0251726687869346,-0.0195084264947992,-0.0165870340262694,-0.0206642359028783,-0.0419700638796405
2010-05-03,0.0128786625488164,-0.0280420247655404,-0.0281039525435611,-0.00851983129105648,-0.0262266563748057,-0.0216587897878349,-0.0203824631623432,-0.0223422365552801,-0.042022351264755
2010-05-04,-0.0237956819340805,-0.0277912350645316,-0.027710924121923,-0.0269815946530363,-0.0288246180566792,-0.0226151483465563,-0.0196740787138114,-0.0225761983548156,-0.0420662730772195
2010-05-05,-0.00597410766370654,-0.0269202807763085,-0.027131986298478,-0.0050110663368719,-0.0271791854690247,-0.0275049306493367,-0.0246992519823319,-0.0264870222042239,-0.0420948691959368
2010-05-06,-0.0337777959126937,-0.0262914651735739,-0.0263707245515983,-0.0156027723671673,-0.0252080491245264,-0.0261680631296785,-0.0247097150952689,-0.0249870222640917,-0.0421770630427349
2010-05-07,-0.014986844988492,-0.0256304429350022,-0.0258620014142535,-0.000908619979718896,-0.0260170134241151,-0.0327997583148166,-0.0333952058674172,-0.0323657916244693,-0.0422165518024605
2010-05-10,0.0430988671840451,-0.033762992049334,-0.0338138998312291,-0.0112072519084016,-0.031527131084541,-0.0332042833142982,-0.0349682773468576,-0.0316495828273777,-0.0422338233224365
2010-05-11,-0.00284489115434017,-0.0273416811869767,-0.0268913834228879,-0.0438285064252572,-0.0247479848343157,-0.0411353420820757,-0.0332614531414629,-0.0408774504835726,-0.0422677785828185
2010-05-12,0.0138890225564454,-0.0284297050458308,-0.0284785193257732,-0.0178014586600493,-0.0266016818326815,-0.0368228089720481,-0.0315752801213191,-0.0379719987956492,-0.0423501015420839
2010-05-13,-0.0125085759981882,-0.0285706768707252,-0.0284326426750748,-0.0278180824855955,-0.0287407267360745,-0.0368147925234356,-0.0295566532657748,-0.0364679155047919,-0.0423924554287053
2010-05-14,-0.0182711548854071,-0.0293672972284948,-0.0294791019141257,-0.012214139126433,-0.027656738187187,-0.0360609893218938,-0.0309340225150323,-0.0348984626814604,-0.0424387186667072
2010-05-17,0.000526635153119237,-0.0267544019806115,-0.0269252652752039,-0.00890858148146461,-0.0260775830045876,-0.0365609070030337,-0.0337596818122513,-0.0345614145377215,-0.0424000912418276
2010-05-18,-0.0136954643859442,-0.0280492270517901,-0.0279220460218497,-0.0187946154485156,-0.0295278271909776,-0.0329526807696272,-0.0305589136363571,-0.0319224705683757,-0.0425037623931547
2010-05-19,-0.00571030556594732,-0.0272724059740283,-0.0274353529142122,-0.0116318244572102,-0.0259205350432615,-0.0329904237019985,-0.0320019301351428,-0.0309307566665545,-0.0425201127529456
2010-05-20,-0.0384909733096537,-0.0282864770350357,-0.0282369759371104,-0.0157010753322747,-0.0260232902612777,-0.0308717074011233,-0.0312777634977246,-0.0289616889313383,-0.0422234360738333
2010-05-21,0.0144937781814063,-0.0285036989249637,-0.028767619815086,0.00227627345766433,-0.0287699956674261,-0.0378461654005778,-0.0403440186925112,-0.0375053609647868,-0.0422748671404834
2010-05-24,-0.0129143548278519,-0.0280361558479596,-0.0279763204786064,-0.029070075966013,-0.0282677091125375,-0.0375014170667285,-0.0376425483719786,-0.0363091710402155,-0.0423638580982746
2010-05-25,0.00102083903529149,-0.0299078381934002,-0.0299156650591224,-0.0118829922519641,-0.0281607123095993,-0.0367731813953013,-0.0382755578192614,-0.0349810039757577,-0.042064296899089
2010-05-26,-0.00604670401565155,-0.0283436094221398,-0.0284218121956937,-0.0213008778443593,-0.0300273327370244,-0.0328326815558042,-0.0353517897637391,-0.0327528297742686,-0.0420985062181866
2010-05-27,0.0329493708479252,-0.0313190585153936,-0.0313485492219246,-0.0168732757305513,-0.0288936184060962,-0.0308285799655054,-0.0344280872488256,-0.030922925933613,-0.0421646859752073
2010-05-28,-0.0126291475364235,-0.030305904122016,-0.0299923019410322,-0.0388034950236237,-0.0286517043025026,-0.0363844813018045,-0.0325468690853181,-0.0359044999400905,-0.0425524968548476
2010-06-01,-0.016966841636199,-0.0266650176991267,-0.0266572968682425,-0.0111896795263516,-0.0249941720116339,-0.035668870551964,-0.0336997429106678,-0.034571938492089,-0.0422913429268419
2010-06-02,0.0257062093589795,-0.0266653025889718,-0.0266022569188069,-0.00851998336496892,-0.0256035014732654,-0.0360229967980878,-0.0359153243475035,-0.0341577087416556,-0.0422863241992246
2010-06-03,0.00343827983646072,-0.0290356272533234,-0.0288460945776204,-0.033909696997705,-0.0283155875358427,-0.0387867519911024,-0.0337145424559157,-0.0360045717159328,-0.0423896353548106
2010-06-04,-0.0357691919757643,-0.0300434706656338,-0.0300154824284008,-0.0214697734847255,-0.0313375796542179,-0.0354658204660179,-0.0313672988191523,-0.0337695115796689,-0.041712322450295
2010-06-07,-0.0125289772291692,-0.0262976049892053,-0.026653970385999,0.000656252076260834,-0.026792045290692,-0.0413844569030749,-0.0389762516078282,-0.0397919333300346,-0.0415643519258197
2010-06-08,0.0106550315788683,-0.0292992633603884,-0.0293752930632819,-0.011085151084422,-0.0276230274732007,-0.0401035816370063,-0.0395790451687108,-0.0384068284001554,-0.0416255835162304
2010-06-09,-0.00536023970142807,-0.0290252339857581,-0.0289060746648173,-0.0256118781375522,-0.0293446271380225,-0.0384754660474845,-0.0369037663450823,-0.0369044171707444,-0.0416978460775377
2010-06-10,0.0288123461171477,-0.0284788778859289,-0.0283965901515647,-0.0161170576582275,-0.0259207563524391,-0.0356279276732888,-0.0357913906538139,-0.0350517651435347,-0.0417450071977163
2010-06-11,0.00484393967596652,-0.0308214147744005,-0.0305080644093991,-0.0362569837963077,-0.0291716267542307,-0.0393987307243493,-0.0336925236359778,-0.0376384053756086,-0.0418085646649416
2010-06-14,-0.00155121106164824,-0.0258426119814893,-0.0259532615271953,-0.0226627068140585,-0.0274422165153211,-0.0363089144764571,-0.0315179261043962,-0.0356669903383978,-0.0418601070700408
2010-06-15,0.0224828854211676,-0.0283849377903373,-0.0282423701914084,-0.0176630050814591,-0.0255867410822623,-0.0327494177712324,-0.0297858946806327,-0.0337327912466928,-0.0419386571342859
2010-06-16,-0.000357278153547469,-0.0274211917329906,-0.0271787199705439,-0.0319843507314675,-0.0267136756462271,-0.0351468212923465,-0.0276213545040172,-0.0334074373705604,-0.0419684344962071
2010-06-17,0.00160652375325387,-0.0279969278614802,-0.0280459616673738,-0.0192222151548853,-0.0256760382124738,-0.0314109467165619,-0.0258934399796244,-0.031286115262765,-0.0409246505988349
2010-06-18,0.00108363978207038,-0.02582099820872,-0.0257748328517305,-0.0191537583782027,-0.0271572328199593,-0.0282916955430564,-0.024162093955264,-0.0293341005223202,-0.040219198991508
2010-06-21,-0.00286818921591969,-0.0301368843073706,-0.0301811175606862,-0.0212246751530661,-0.0314468124648265,-0.0255435228395181,-0.0226404042212776,-0.02751397765364,-0.0402110000787371
2010-06-22,-0.0166535758609463,-0.0299543813238213,-0.0299401012156244,-0.0183889244189458,-0.0270672890527062,-0.0236065122245011,-0.0220327377393324,-0.0256903660740932,-0.0402399259634386
2010-06-23,-0.00310808687408226,-0.0268624597933364,-0.0269502365548147,-0.00960002543102662,-0.0257234226222086,-0.025565953925535,-0.0252712530280622,-0.0264123427148242,-0.0402782013099092
2010-06-24,-0.0167091339541461,-0.0262998027876249,-0.0262263048643514,-0.0168219974534258,-0.0236419341826133,-0.023689962041987,-0.0244836241657533,-0.0248612597611939,-0.0403200158657741
2010-06-25,0.00418056109092557,-0.0313006477015999,-0.0313417272117704,-0.00963056692890991,-0.0298257602761284,-0.0256540308366683,-0.0275076605046242,-0.0257317300714438,-0.0403965902331329
2010-06-28,-0.00315706706143537,-0.0274617016162759,-0.0274503659797189,-0.0223532179745666,-0.0285523413988469,-0.0240521942261405,-0.0257235703651237,-0.0243027185677548,-0.0404120161231112
2010-06-29,-0.0313618227012258,-0.0252163603718875,-0.0252019716571197,-0.0161602611341351,-0.0232219763869263,-0.0223731869280366,-0.0249032750785292,-0.0229254207905552,-0.0400273514077145
2010-06-30,-0.00954546262866796,-0.0296392054146681,-0.0298483040477842,-0.00103934298799511,-0.0298504755114642,-0.028550571275625,-0.032421707812559,-0.030811153252271,-0.0400845901185867
2010-07-01,-0.00446657961499941,-0.0295153814395861,-0.0295797644658149,-0.0142258785906087,-0.0273982662260434,-0.0280499559002091,-0.0328444042735021,-0.0297890748623771,-0.0400975233507181
2010-07-02,-0.00546428142754696,-0.0290344934135668,-0.0288904723585063,-0.0163659336542624,-0.0257267575809785,-0.0261676812741104,-0.0319071856274932,-0.0283745559536391,-0.0401619048982165
2010-07-06,0.00653443687157029,-0.0305693718446022,-0.0305042906056945,-0.0159352835797689,-0.0279875224433658,-0.024857925468454,-0.0313085690059956,-0.0267830729591005,-0.0402571721464067
2010-07-07,0.0310099953827487,-0.0268702923600817,-0.0267984642558549,-0.0224654697146704,-0.0275654983291118,-0.0239876209255416,-0.0293500457612975,-0.0256814331624038,-0.0393477406816058
2010-07-08,0.00984709594978295,-0.0273502831847118,-0.0271565943918819,-0.0372510118522483,-0.0266424364548412,-0.0296882309942755,-0.02761411207647,-0.0309808909540816,-0.0393394073470553
2010-07-09,0.00743747192436306,-0.0282532951701093,-0.0281211853926708,-0.0247370742899477,-0.0289709261574993,-0.02911425828115,-0.0259735239568851,-0.0299402391285756,-0.0393871818412691
2010-07-12,0.00064822337001047,-0.029803167768271,-0.0297782342701778,-0.0248319781838141,-0.0306762426213009,-0.0279724786273748,-0.0244635254153745,-0.0287049844210408,-0.0393753627593444
2010-07-13,0.0149759385190595,-0.0278023231825971,-0.0278015921961097,-0.0196496942610298,-0.0296057967902224,-0.0251738952432872,-0.0230677344238518,-0.0271737058443272,-0.0394729357865744
2010-07-14,-9.14172130652702e-05,-0.0287506903643123,-0.0285733237031548,-0.0285574390600295,-0.0288066843940312,-0.0264962178789627,-0.0218218876078436,-0.0273468917271835,-0.0398210163444888
2010-07-15,0.000273715853518652,-0.0258452731749367,-0.0258417931885435,-0.0187510257303969,-0.0233081181807848,-0.0237274816962288,-0.0206677776250632,-0.025892415146246,-0.0398670310207684
2010-07-16,-0.0279211139331643,-0.025801491821461,-0.0257059191005962,-0.018373763421276,-0.0269586435690028,-0.021338879698,-0.0195890765170952,-0.0245240982774123,-0.039525799203376
2010-07-19,0.0058896080136206,-0.0307079283596955,-0.0309430075013394,-0.00377292648932043,-0.0302097108441797,-0.0266555917824518,-0.026506279838891,-0.0294039198280798,-0.0395701209403226
2010-07-20,0.0110301832177644,-0.0295587760264812,-0.0294663892310458,-0.0225944339939129,-0.0303617831413018,-0.0254523481578659,-0.0244857927206498,-0.028159713906797,-0.0395677991703896
2010-07-21,-0.0130828054163894,-0.0279649737053851,-0.0279209657635394,-0.0264098487740722,-0.028297514434526,-0.0257063705412271,-0.0233007392830695,-0.0275842879955113,-0.0396129453851312
2010-07-22,0.0220761118181425,-0.0277332332073541,-0.0279129499767937,-0.0129430868332899,-0.0261842186150455,-0.0264560875884286,-0.025725861106677,-0.0273941889518212,-0.039613101005116
2010-07-23,0.00864189968408624,-0.0287186550341425,-0.0284816780587651,-0.0327237190656397,-0.0279199090873853,-0.0294203747834127,-0.0237979947070756,-0.0292997743335675,-0.0396392508425983
2010-07-26,0.0103615449464156,-0.029898112408504,-0.0297859112555167,-0.0251928842441318,-0.0302440734321249,-0.0285975687781934,-0.02248222996591,-0.0283254359258696,-0.0397123133787397
2010-07-27,-8.96200517574997e-05,-0.0272313788717808,-0.0271160349339828,-0.024970152649111,-0.0280677519025027,-0.0283115364278102,-0.0212728172988597,-0.0276405183464397,-0.0397371129683079
2010-07-28,-0.00647549115703594,-0.0307821402194477,-0.0307448887531427,-0.0190647155240985,-0.0284177579685647,-0.0254291926993887,-0.0201673367931807,-0.0262634036169892,-0.0397619687910632
2010-07-29,-0.00488418069404428,-0.0284906035429901,-0.028551208898441,-0.0163803377098169,-0.0260196610651435,-0.0245198177769039,-0.0208494993646578,-0.0252697693783446,-0.0397868123685851
2010-07-30,-0.00018155533052866,-0.0286305249370849,-0.0286063055239126,-0.0169971453736846,-0.0258389214610093,-0.0233096752666253,-0.0210038178037771,-0.0242020160966124,-0.0398115846093706
2010-08-02,0.022329897188091,-0.0248671381655221,-0.0248325038991652,-0.0187433572644631,-0.0223034066792913,-0.0210374649608259,-0.0199957910325275,-0.0226513874942127,-0.03982476631813
2010-08-03,-0.00480046894461061,-0.0292852422466617,-0.0291190847855873,-0.0324531359901211,-0.0287961398450228,-0.0247022202762532,-0.0189476216086612,-0.0255101752312445,-0.0398322055953482
2010-08-04,0.00666129364443613,-0.0276129159782178,-0.0276669026724593,-0.016085330895982,-0.0255449022047204,-0.0234492341621279,-0.0192590208403844,-0.0243833190611385,-0.0398882070006799
2010-08-05,-0.00106300918607438,-0.0295624321004499,-0.0294347839441341,-0.0230390922223824,-0.0304928276813755,-0.0228196155928734,-0.0183143646576075,-0.0235005312943391,-0.0399151237059051
2010-08-06,-0.00408455988891276,-0.0270991414719946,-0.0271358775240849,-0.0191262737646648,-0.0245823024839608,-0.0208305749469583,-0.0177103722660964,-0.0223189918738418,-0.0398990847949925
2010-08-09,0.00532453765350205,-0.0256548049981328,-0.025591182049903,-0.0155776970724887,-0.0231744552072486,-0.0198483557004661,-0.0180094234800073,-0.0213440040533702,-0.039928043328272
2010-08-10,-0.00541348500467631,-0.0287153747242556,-0.0286447154144486,-0.0224409704844868,-0.0296607354004881,-0.0192987966920249,-0.0171055033287119,-0.0201642080602203,-0.0399565808089785
2010-08-11,-0.0277895267079824,-0.0269992268521391,-0.0269772067263399,-0.0150168502172897,-0.0251342937218635,-0.018836451300508,-0.0177449932947906,-0.0191822677513268,-0.0399445338916201
2010-08-12,-0.00614909688862753,-0.0297662102546166,-0.0300729007509073,-0.00440098468257646,-0.0300267424926553,-0.0241572169749017,-0.0249691576005415,-0.025581293198701,-0.0391739901889105
2010-08-13,-0.00295024008795863,-0.0298043813417285,-0.0296762870640854,-0.0150317309921574,-0.0270457618730693,-0.0233138787131062,-0.0253104312084753,-0.0246011302485419,-0.0392407061701963
2010-08-16,-0.000461249775983497,-0.027342493322049,-0.0273941964021543,-0.0175313810431471,-0.0250840566839064,-0.0217496404848235,-0.0247756713015521,-0.0234562976233693,-0.0393567041216361
2010-08-17,0.0122101989346985,-0.0243708517124658,-0.0244006924404902,-0.0185724325264496,-0.0215957701679154,-0.0197320398836954,-0.0235498095736939,-0.0223068753780781,-0.0394438883804853
2010-08-18,0.00182363163553223,-0.0291426168021103,-0.0289909874581911,-0.0265336441481452,-0.0293425605178704,-0.0209856725324401,-0.0222274136982127,-0.022484193440926,-0.039547593706964
2010-08-19,-0.0175500848761123,-0.0271064042809331,-0.0270221270763378,-0.0204929675363089,-0.0284259896168151,-0.019421666808777,-0.0211399662728538,-0.0212271643468655,-0.0378904732507842
2010-08-20,-0.00324973307797904,-0.0285540166271235,-0.0286940465841503,-0.0099519262836261,-0.0272046777243051,-0.0220655406342243,-0.0246877297424581,-0.022962993691251,-0.0379878477361764
2010-08-23,-0.0038201887775271,-0.0298972745037945,-0.0299146987909567,-0.0177437788246145,-0.0277864907978226,-0.0207271082153895,-0.0242588450759414,-0.0218764581406614,-0.0380249829789882
2010-08-24,-0.0149542688641082,-0.0285517672821957,-0.0285426213411198,-0.016239938409045,-0.026414860619551,-0.0196931131625915,-0.0240127234771717,-0.0206914661318756,-0.0380235184600443
2010-08-25,0.00387745083684354,-0.0269908485331678,-0.0271014188236708,-0.0104137626565478,-0.0255568115098247,-0.0216386398568906,-0.0266443791411002,-0.0217787739354352,-0.0380716800096966
2010-08-26,-0.00672457036551855,-0.0293222028942726,-0.0292384889159974,-0.0214176316594504,-0.0306009021990109,-0.0205975629942296,-0.0251623011474985,-0.0207856029399771,-0.0381661568262351
2010-08-27,0.0153713786141294,-0.0279325923024636,-0.0279588933514955,-0.0157528835444702,-0.0255629748706229,-0.0203377754917526,-0.0255841757886888,-0.0201714498409184,-0.037470106496641
2010-08-30,-0.0146112427858487,-0.0336832037343613,-0.0334574296047462,-0.0290771770871768,-0.0331348362041647,-0.0223146231221242,-0.0240182508742059,-0.0214646093790466,-0.0374549432514504
2010-08-31,0,-0.0262420611670213,-0.0263639044902711,-0.010850677529827,-0.0247087512099183,-0.0238610682927785,-0.0265254414279301,-0.0223396312873496,-0.0375016007075074
2010-09-01,0.02947293786168,-0.02629114519819,-0.0262973038271992,-0.019084905314503,-0.0278471651155593,-0.0216103443348663,-0.025079883278934,-0.0211636100311748,-0.0375106382510653
2010-09-02,0.00926929948705624,-0.0290800885944425,-0.0287753283598526,-0.036601679974555,-0.0280488351431871,-0.0269665423710777,-0.0234634616692536,-0.027355557005333,-0.0375740656065157
2010-09-03,0.0128883770869317,-0.0295525319407144,-0.0294793662230585,-0.0255757373669637,-0.0304517462416461,-0.0266067222262644,-0.0222753081973244,-0.026485827580285,-0.0375777002683081
2010-09-07,-0.0113364893278511,-0.0296162569715906,-0.0294902039722296,-0.0275338378668862,-0.0303354156524762,-0.0271991807950515,-0.0210261927277143,-0.0263091183399708,-0.0375899400639608
2010-09-08,0.00699851390382111,-0.0254571110410764,-0.0255394009261563,-0.0119978485256983,-0.0237692539233964,-0.0273310210490944,-0.0229519067806294,-0.0258651982809468,-0.0376371866563032
2010-09-09,0.00460830148886693,-0.0295933138685765,-0.0295120717168255,-0.0238574395238969,-0.0305267112526318,-0.0263571617248032,-0.0217594170489313,-0.024839143209209,-0.0376369215407412
2010-09-10,0.0050359597438181,-0.0320621371598862,-0.0319163687411871,-0.022021902700941,-0.0330196337220789,-0.0248985277332914,-0.0206996773377816,-0.0236675712603016,-0.0376531021787276
2010-09-13,0.011061491765906,-0.0288967709315469,-0.028826512389925,-0.0223789594813514,-0.0300209420824603,-0.0237209466563582,-0.0198767587944058,-0.0226223220542767,-0.0376629991681172
2010-09-14,-0.000620908933361086,-0.0255395633652773,-0.0254869307993235,-0.0263087765523343,-0.0261338046492949,-0.0241977426026131,-0.0190068491099528,-0.0225686949953279,-0.037575904563243
2010-09-15,0.00380981152791726,-0.0256686362665848,-0.025596558919991,-0.0180869271603186,-0.0228636486223952,-0.0219941068064263,-0.0183697381645411,-0.0213720995831473,-0.0376222061390286
2010-09-16,-0.000265484878183564,-0.0293492857719857,-0.0292776463401577,-0.0216684966364376,-0.030922489042255,-0.0208540894888897,-0.0176343971875343,-0.0202322596568609,-0.0374124916560653
2010-09-17,0.000373435750788076,-0.030324435732737,-0.030277658373745,-0.0199332876960865,-0.0276251097306016,-0.0189591271076943,-0.0170287387246783,-0.0190550765015615,-0.0374433080918596
2010-09-20,0.0151744807321661,-0.0274341125083271,-0.0274578181398065,-0.0200407954285112,-0.0290892611615379,-0.0173167380640174,-0.0164111266639575,-0.0180113984824793,-0.0374821843232793
2010-09-21,-0.00201554431935325,-0.0247744257332374,-0.0246346542521409,-0.0272002725384515,-0.0253561952446662,-0.0195893892328595,-0.0158177614781382,-0.0197683694167298,-0.0375196042783973
2010-09-22,-0.00492549675889098,-0.0253573685041346,-0.0253975236619476,-0.0177854079119119,-0.0228817067254526,-0.0182847148038275,-0.0158128075924188,-0.0187484425388086,-0.0375143246105029
2010-09-23,-0.00814480481705182,-0.0278140448855386,-0.0277324833653873,-0.0154878726202895,-0.0251583416838916,-0.0178665893088453,-0.0164862082845955,-0.0180707761998906,-0.0375133898225434
2010-09-24,0.0204127799107336,-0.0293550424975156,-0.0294427086615139,-0.015282846607932,-0.0275717376143664,-0.0183072706393129,-0.017944340321636,-0.018000392245055,-0.037562609754529
2010-09-27,-0.00480154135510169,-0.0282997923632288,-0.0280531391451126,-0.0311497955504735,-0.0278578627267062,-0.021778421105202,-0.0172301049083679,-0.0218026257321581,-0.0376075008348851
2010-09-28,0.00349437341457826,-0.0263525081977901,-0.0264105555638642,-0.0164433326048948,-0.0239616193832222,-0.0209133163793244,-0.0177799844280864,-0.0207900581814542,-0.0376144586441512
2010-09-29,-0.00174562334269446,-0.0260639320349584,-0.0259577460408086,-0.0204798311713371,-0.0270710520525642,-0.0198226749136981,-0.0170904044535107,-0.0201732052890392,-0.0376314424930293
2010-09-30,-0.00297460068002575,-0.0312737166204764,-0.0313300086939271,-0.0194135555621763,-0.0287559399759722,-0.0184223763951423,-0.0168895664197038,-0.0191651916769476,-0.0376413907604173
2010-10-01,0.0041965800091166,-0.0296274701855465,-0.0296378383566091,-0.0181056661972947,-0.0270964456821498,-0.0174976000859526,-0.0170229096758345,-0.0183371591560324,-0.0366147622064898
2010-10-04,-0.00753194152011538,-0.0294856056579761,-0.0294327607307534,-0.0221449613431754,-0.0302661654090315,-0.0169899801056674,-0.0164044703877141,-0.0177140930242645,-0.0367146938284055
2010-10-05,0.0199317610917715,-0.028356936735169,-0.0284382753792332,-0.0153458101026269,-0.0267488438585312,-0.0173809911452445,-0.0176719946559376,-0.0176643792424283,-0.0367569635459027
2010-10-06,-8.60873441972387e-05,-0.0264277665752569,-0.0262310015010181,-0.0305538688526143,-0.0260681873389747,-0.0208414877179331,-0.0169990910216143,-0.0214697994535226,-0.036793022256933
2010-10-07,-0.00120725582659098,-0.0268235213307216,-0.0268395388139089,-0.0194125060361953,-0.0238380032255531,-0.0189029609933784,-0.0163989759782875,-0.0202920217400573,-0.0368745339770419
2010-10-08,0.00559316312524416,-0.0286341552706553,-0.0286144602794626,-0.0187279770788169,-0.0262938591815363,-0.0174773026421475,-0.0161425911833113,-0.0192532272652377,-0.036867299210592
2010-10-11,0.00094325404266371,-0.0291358442516085,-0.0290688313611391,-0.0231202708670055,-0.02972667632375,-0.0173229835063894,-0.0155977589575947,-0.0186824017100372,-0.0360008339266945
2010-10-12,0.00308152052812982,-0.0284207643484243,-0.0284465637101141,-0.0202174111550184,-0.0301070069413772,-0.0160643844170162,-0.0151027594592945,-0.0178112546655634,-0.0360213534846924
2010-10-13,0.00774690796347155,-0.0296466656180942,-0.02956289343708,-0.0215344890541195,-0.030941606872466,-0.0154402756589369,-0.0146412940454069,-0.0171488725241841,-0.036086807369023
2010-10-14,-0.0039081943214283,-0.0281079419698423,-0.0280026547566515,-0.0237281534532061,-0.0286377531097239,-0.0160971347710369,-0.0141667287035465,-0.0172267189887779,-0.036088059802595
2010-10-15,0.00204092585201554,-0.032339421096445,-0.0322261251422612,-0.0173733731007559,-0.0294426807656927,-0.0156937379128458,-0.0147922738098486,-0.016711253176571,-0.036127253739703
2010-10-18,0.00491573344136675,-0.0303256048506301,-0.0302488694366218,-0.0206974150392607,-0.0316365133784224,-0.0148691483065482,-0.0143888455087202,-0.0161098165517788,-0.0361846218118896
2010-10-19,-0.0131908461512849,-0.0254806516047524,-0.0254361843984785,-0.0214822255031056,-0.0267323108060652,-0.0148667023801976,-0.0139947577383213,-0.015862546449453,-0.0362008364185989
2010-10-20,0.00971848881010207,-0.0291651908796075,-0.0294064254197818,-0.0128557248075202,-0.0285826380497002,-0.0169450842006875,-0.0168836852413985,-0.0176380501076153,-0.0361783701297924
2010-10-21,0.00220305182844704,-0.0272291473702558,-0.0270462368463962,-0.0244481573583825,-0.0272059686227556,-0.0179001977351885,-0.0162730170340019,-0.0180666137242751,-0.0361818002088617
2010-10-22,0.00186095934552988,-0.030083558495853,-0.0300214060861451,-0.0211122192032365,-0.0315792713098728,-0.0168507246234947,-0.0157099135668952,-0.0173147690552555,-0.0362265308175918
2010-10-25,0.00295309093910312,-0.0275467898412952,-0.0275129339289745,-0.0206918579040839,-0.028878655111566,-0.0158417434038448,-0.0151087321385098,-0.0166322280300988,-0.0344330882764537
2010-10-26,0.000168223463640871,-0.0282008928285512,-0.0281557093912587,-0.0211829387573103,-0.0291214268566208,-0.0152287841105911,-0.0146808595730692,-0.0161029070535141,-0.0344528424494319
2010-10-27,-0.00286758371996942,-0.0329897368568701,-0.0330048129102898,-0.0208524963255902,-0.0345511458891565,-0.0139893868761765,-0.0142552778634087,-0.0155168244877292,-0.0345046615345924
2010-10-28,0.000168759975379906,-0.0315937750144261,-0.0316386155649654,-0.0188449511873014,-0.0296066784700981,-0.0135778879385419,-0.014541920433753,-0.0151223772599579,-0.034481529127587
2010-10-29,0.000759369207554705,-0.0256218772622174,-0.0255049882892455,-0.0182068287849028,-0.0265911756404223,-0.0125377000256746,-0.014133110781895,-0.0146558722139201,-0.0344917489864243
2010-11-01,0.000337873323184468,-0.0271098309180807,-0.027115229512231,-0.0197543358233411,-0.0283729840354648,-0.0117707883106488,-0.0138063714567758,-0.0142571700676272,-0.0345061044298799
2010-11-02,0.00789929654403476,-0.0295966009546937,-0.0296483771670913,-0.0205658410443978,-0.0313135432247867,-0.0109903857458331,-0.0134816375682629,-0.0139028925964439,-0.0345491980911671
2010-11-03,0.00400961188226479,-0.026127584829746,-0.0260010422838685,-0.0229977225454462,-0.0264559091733722,-0.0122050700556756,-0.013079169326328,-0.014571883962695,-0.0339744030266367
2010-11-04,0.0190750091653182,-0.0291249465881838,-0.0290761437924072,-0.0221116056822034,-0.0305403860648809,-0.0122955622227103,-0.0128066310167244,-0.0144230871095009,-0.0336290105104698
2010-11-05,0.00375535039807673,-0.0251146097084469,-0.0250731851720657,-0.0307794809929054,-0.024886738372328,-0.0161628494769069,-0.0121085688113064,-0.0189209770314847,-0.0327375382262923
2010-11-08,-0.00187587281389145,-0.0324467856598969,-0.0324946717717596,-0.0236805872721463,-0.0338291059110708,-0.0157129318011562,-0.0116446355523983,-0.0180922166510071,-0.0327386506230002
2010-11-09,-0.00721026233157751,-0.0291110148358686,-0.0291503740038922,-0.0190879110718205,-0.0267451148720005,-0.0148445754880621,-0.0120491177671093,-0.0171020375221384,-0.0327818411005152
2010-11-10,0.0040209379478684,-0.034978186013993,-0.0349643103954497,-0.0162454252964059,-0.0327597862343039,-0.0154219573175914,-0.0135273513641794,-0.0168480320708574,-0.0327890370847168
2010-11-11,-0.00377445627823825,-0.0274379909771165,-0.0274347884214597,-0.0224114715879991,-0.0285909845140597,-0.0151278149673296,-0.0131193379230602,-0.0163035677004557,-0.0327995873042154
2010-11-12,-0.0119089159751367,-0.0314520163165587,-0.0314790960319647,-0.0177327905259681,-0.0290724088022534,-0.0148072027555284,-0.0137560905738912,-0.0158099316602164,-0.032802594022643
2010-11-15,-0.00141506490628363,-0.0318770154025865,-0.0318457989093942,-0.0130060913442155,-0.0299860075132745,-0.0165678017545494,-0.0165381720732953,-0.0171156297948975,-0.0328096724473396
2010-11-16,-0.0157022766854711,-0.0336144581653234,-0.0334842690543224,-0.0193591857196634,-0.0309088612659495,-0.0153876675049315,-0.016310834910753,-0.0163561029871153,-0.0328022613987735
2010-11-17,0.000507915666995373,-0.0257414584105972,-0.0259238968015816,-0.0103872209693121,-0.0249926978602683,-0.0181186518210676,-0.0198085817991193,-0.0188183659380882,-0.0328629649929845
2010-11-18,0.0146108392236952,-0.0291586958057129,-0.029065611273385,-0.0195650515309118,-0.0301959372226189,-0.0166166937305262,-0.0188114180606028,-0.0178528114170769,-0.0328886694245546
2010-11-19,0.00274712252054332,-0.0267213412033705,-0.0265337624985226,-0.0271869348637915,-0.0266646982073527,-0.018841371078591,-0.0180140571751232,-0.0195678918865247,-0.0328729103988049
2010-11-22,-0.000831341312351519,-0.0280250105761425,-0.0280021619653177,-0.0211495167815878,-0.0290634976658006,-0.0178153799947302,-0.0172066787724066,-0.018610371724143,-0.0327215278883012
2010-11-23,-0.0145828949219764,-0.0267945938963699,-0.0268436624588752,-0.018908574146313,-0.0245093802734103,-0.0164310687712688,-0.0166764567134881,-0.0176722480328977,-0.0326612775888138
2010-11-24,0.0146657004148487,-0.0295741253322827,-0.0297956558268369,-0.0123095703035094,-0.0288293917546931,-0.0186713868827992,-0.019836683111189,-0.0194189710378364,-0.032675999119593
2010-11-26,-0.011715415381496,-0.0321158148612795,-0.031925358952428,-0.0290080164160686,-0.0322070835797847,-0.0206622661702041,-0.0188551118957857,-0.0208118776656718,-0.0326808989777849
2010-11-29,0.00302568361454902,-0.0267122163570511,-0.026719506791129,-0.0122962517524849,-0.0247808668432816,-0.0216718228666092,-0.0210987530429465,-0.0211253778046893,-0.0327174147500452
2010-11-30,-0.00563884009495652,-0.0280856844279768,-0.0282567925081707,-0.0224557671948121,-0.0303009666099044,-0.0203751501620955,-0.0200275051136916,-0.020020781237168,-0.032721235120828
2010-12-01,0.0210450281144352,-0.0286734804131239,-0.0287432218463554,-0.0168945327553473,-0.0265477112207,-0.0198914966707361,-0.0205095889087066,-0.0192945594597021,-0.0327303825748271
2010-12-02,0.0127272583758842,-0.0323196450335647,-0.0320791987911052,-0.0320655471915554,-0.0317600585212145,-0.0233393796831107,-0.0195916470344194,-0.023015498752071,-0.0327451917493174
2010-12-03,0.00268930760571617,-0.0282497017521363,-0.0281452838492217,-0.0274165729079386,-0.0285703009457624,-0.024281068128234,-0.0187031482364242,-0.0232196224471242,-0.0327799089182499
2010-12-06,-0.00105866774435004,-0.0288489647936282,-0.0287812153990267,-0.0212219246479114,-0.0296687935351969,-0.0225855379809728,-0.0178306380227093,-0.0218808796694861,-0.0327466717279196
2010-12-07,0.000570137269675364,-0.0267416953388378,-0.0268618162436707,-0.0194690899674839,-0.0244052016545678,-0.0206807286447173,-0.0173017253563918,-0.0206118873976067,-0.0328062282928668
2010-12-08,0.00365693151996727,-0.0348459284145079,-0.0346883950095454,-0.0206798787756981,-0.0359149979877331,-0.0188978574591533,-0.016541087096632,-0.0194615180828248,-0.0327851223239054
2010-12-09,0.00388615963261163,-0.030853132549611,-0.030740261868028,-0.0217900438005137,-0.0323388636729322,-0.018076454794001,-0.0158761739333157,-0.018585048081282,-0.0327967153103852
2010-12-10,0.0058007815989356,-0.027340765091407,-0.0273648953601752,-0.0218077705878681,-0.0289486151351758,-0.0174423485814636,-0.0152800953688725,-0.0178289959731439,-0.0328129542208064
2010-12-13,0.000642460164986147,-0.0303337432717111,-0.0302327815751345,-0.0229736716923013,-0.0313741146116832,-0.0173575387933529,-0.014738456504542,-0.0173987443385489,-0.0328236355499123
2010-12-14,0.000882771253022163,-0.0280173965674836,-0.0279771416084101,-0.0193770031622454,-0.0288098878322057,-0.0160109772941153,-0.0142286548853342,-0.016588148941321,-0.0328013485245888
2010-12-15,-0.00458254463425867,-0.031850474580915,-0.0317045056137244,-0.0196855482054856,-0.0330552083811141,-0.0148875121049287,-0.0137625795453965,-0.0158731521191305,-0.0323493144673102
2010-12-16,0.00578492532403541,-0.0312387960143735,-0.0312240190824275,-0.0174294335415819,-0.0292627943640768,-0.014814277677071,-0.0145473974327604,-0.0155305983359146,-0.0323448588955744
2010-12-17,0.00107057657838894,-0.0254942112091012,-0.0254239889587158,-0.0217514140960195,-0.0265339301741612,-0.0151821302472646,-0.0140824837563866,-0.0154137416908258,-0.031709128606675
2010-12-20,0.00241049688203798,-0.0244868456952225,-0.0245643702827458,-0.0196842955061132,-0.0262499465193343,-0.0142660113730481,-0.0136256975128052,-0.0148402044746605,-0.0317092810343637
2010-12-21,0.00632015717563039,-0.0288658326656173,-0.0288489865829637,-0.0210790470081568,-0.0300706265710997,-0.0137716742585023,-0.0132303475898936,-0.0144073946206196,-0.0316876353848713
2010-12-22,0.00310555663876499,-0.0278171351253697,-0.0278438552441089,-0.0241030783441165,-0.0287910392481162,-0.0142678456628912,-0.0128894318000034,-0.0145573519807224,-0.031698957231875
2010-12-23,-0.00143226906964511,-0.0296793685569665,-0.0296240337562201,-0.021271774099756,-0.0309435944388594,-0.0139382217615878,-0.0125156135582938,-0.0142202731479033,-0.0316070009497213
2010-12-27,0.000398298603558445,-0.0310661958262086,-0.0310181498480244,-0.0186221028874216,-0.0282056413745712,-0.013249852453106,-0.0126244302055971,-0.0138066522391724,-0.0315763418994897
2010-12-28,0.0014316225150619,-0.0266423603572575,-0.0266853723207579,-0.0199550996980466,-0.0283328786821114,-0.0123982536550408,-0.0122880115464878,-0.0134147798370999,-0.031628342121917
2010-12-29,0.000714895094631629,-0.0340630324830679,-0.0339863131266024,-0.0211145664593359,-0.03521464735251,-0.0118968506793722,-0.0119892976112788,-0.0131049632053172,-0.0312142311226723
2010-12-30,-0.00158969115533125,-0.0234260539300483,-0.0234179632445245,-0.0190946495988223,-0.0243874179913046,-0.0112863204188313,-0.0115909333106098,-0.0128098084036339,-0.0312183588189241
