"","PG","MV CAViaR","MV CAViaR + AR(1)","MV CAViaR + SAV","MV CAViaR + AS","SAV","Abs. Slope","Ind. GARCH","Adaptive"
"1",-0.0248118342004231,-0.00900899450885841,-0.011403824969565,-0.00650680878482777,-0.00978511322716104,-0.0106863338867779,-0.0130356210087789,-0.011071206036526,-0.0100283120557638
"2",-0.000849645663245191,-0.0103686319634658,-0.00842633355050991,-0.00203675707119694,-0.0127440133349721,-0.0132288300946842,-0.0158128651653408,-0.0133751585102858,-0.0100909531983314
"3",-0.0162801552029759,-0.00880223602395003,-0.00869916827613218,-0.00278901567238965,-0.00745187035549858,-0.0122611969583829,-0.015310256769128,-0.0128139531389857,-0.0101136158210232
"4",0.0104552681751429,-0.0100074541656132,-0.0116292655664748,-0.00398904564895906,-0.0141655403322206,-0.0131246784853561,-0.0170903344563,-0.0132841894726972,-0.0103722535388562
"5",0.00653267910319322,-0.00823701248584634,-0.012053680130545,-0.00657730925652058,-0.00875682022866917,-0.0132429093794453,-0.0159975745305615,-0.0131331604535713,-0.0103362099915402
"6",-0.00810126171448111,-0.00860999040853735,-0.0129927436596641,-0.00976231993056243,-0.0101710136495587,-0.0129095152871812,-0.0153004617375539,-0.0127469794835186,-0.0100397720312152
"7",0.00803070549721419,-0.00969391592148354,-0.0103604940151221,-0.00703655767286145,-0.00803906334370135,-0.0127877554474646,-0.0155592143879632,-0.0124792842713376,-0.0100300194300478
"8",-0.0222590643071836,-0.00843125748315692,-0.0107313252369552,-0.00841030756237329,-0.00942647309605513,-0.0126712370702382,-0.0148123980076987,-0.0122298162786171,-0.0100233287313496
"9",-0.00864974291040976,-0.0104232295028577,-0.0110791278096096,-0.00343799889861331,-0.0108032581787855,-0.0141590181870741,-0.0174196939742152,-0.0137032503180069,-0.0103360801535324
"10",-0.0262580046915497,-0.00957101663184746,-0.0132299492753205,-0.000486372189135836,-0.00907998731841983,-0.0139632320512714,-0.0178289560187791,-0.0134176414136505,-0.0102902110203692
"11",-0.010320789154652,-0.0107977257305359,-0.0190338917680237,0.00059871779964248,-0.0151597613415333,-0.0158828202199869,-0.0204006106215082,-0.0158171341771792,-0.0104907406188382
"12",-0.010198346864426,-0.00960562319331861,-0.0155451810014523,-0.00190807327170401,-0.0101317880171885,-0.0157424564818421,-0.0208908880393636,-0.0153403525332351,-0.0105016190661903
"13",0.0237370018747995,-0.00963967851396841,-0.0163684113138724,-0.0025965260510431,-0.0131688280335574,-0.0156035584870076,-0.0213461726686805,-0.0150882572035084,-0.0105231423911252
"14",0.00840611462597618,-0.00740917765298112,-0.0100474056024927,-0.0101036188243538,-0.00863812671016429,-0.0168622080712481,-0.0197593361772753,-0.0161763407531313,-0.0105233443786076
"15",-0.0145510126590036,-0.00884054298150167,-0.00914311017053503,-0.0134152193657153,-0.0110045403692962,-0.0164466610192008,-0.0188172163468611,-0.0154985151993973,-0.0104821769355254
"16",0.0164012399212083,-0.00993818497439063,-0.00816565470183519,-0.00608184766989459,-0.00681699350179532,-0.0166912631906174,-0.0198345613568396,-0.0155194555087479,-0.0108628999250464
"17",0.00494177411109931,-0.00796807067672088,-0.00928925636827936,-0.00873857994473013,-0.00807018813286992,-0.0166588439106095,-0.0185987480182072,-0.0156092597197078,-0.0108748669166344
"18",-0.00738482722699807,-0.0085968552179825,-0.0110532525037808,-0.010797073123956,-0.0101067487467116,-0.0159148572961738,-0.0175318544320057,-0.0149032720849895,-0.0108753548278119
"19",0.0180699419847823,-0.00952446583718839,-0.0111233920131944,-0.00671212488789044,-0.00677264067183884,-0.0154650239890862,-0.0177370351261246,-0.0144609664334232,-0.0108432814421067
"20",0.0159598413627897,-0.00775663024291522,-0.0152328257980111,-0.00849883175555271,-0.00831958204697569,-0.0160612070292932,-0.0165173469223915,-0.0149118290091976,-0.0108624836536088
"21",-0.012689305287827,-0.0079369745893092,-0.00851452935248426,-0.0140571887449248,-0.00812941322690803,-0.0164476329247337,-0.0154579780853452,-0.0150922174854983,-0.0105375385545765
"22",-0.0271387661454439,-0.00963769995634181,-0.00428305754912352,-0.00785716774029667,-0.00708406576336582,-0.0164335063498513,-0.0161841373411545,-0.014970060196271,-0.0107596385945462
"23",-0.00808452763210621,-0.0108111057679483,-0.00683496651439066,0.000761753202618664,-0.011078908141536,-0.0183862269089645,-0.0192731899244242,-0.017291789497685,-0.0108854006587529
"24",0.00659198705997799,-0.00941072469684278,-0.0120956638735906,-0.00125733499453853,-0.0101300186780122,-0.0177772453196875,-0.0195211717620922,-0.0165933380291156,-0.0108691684021306
"25",-0.00644179397015332,-0.00861590961483843,-0.0130952735494909,-0.00744281479998335,-0.0131984245278336,-0.0171081028448307,-0.0186608889899179,-0.0160907413911735,-0.0108883821506199
"26",0.00509669252778444,-0.00936844148147461,-0.0088169210737249,-0.00807931827522685,-0.00865162989557668,-0.0162715782836258,-0.0186797374001436,-0.0156555869384888,-0.0105391856345154
"27",0.00922875595388994,-0.00861017721957935,-0.0109754179654832,-0.00788771314770122,-0.0098375782093282,-0.0155213100500065,-0.0179706323324105,-0.0151072936161787,-0.0105078777240966
"28",0.0101709979034821,-0.00820689632533741,-0.00728996628351696,-0.00949948014603453,-0.00766735986702957,-0.0153093885032662,-0.0169769729807499,-0.0148124721147445,-0.0105298973422718
"29",-0.00883874947104335,-0.00866264348970514,-0.00341993799152599,-0.0113301373346762,-0.00871801638397941,-0.0152033950185645,-0.0161135106332344,-0.0143908473910294,-0.0105092829186872
"30",-0.000221773717760776,-0.00986505464039412,-0.00765069067753897,-0.00738632487430732,-0.00885309149047052,-0.0148632718130454,-0.0165796721528473,-0.0136675647952659,-0.0104324516648844
"31",0.00280783967012166,-0.0087523114053895,-0.0125648536854148,-0.00588929671838422,-0.00760692147091151,-0.0138508408096503,-0.0158567729634583,-0.0131071253846143,-0.0104248767765774
"32",0.00294731500238488,-0.00865708884643175,-0.0133507940636402,-0.00834123177275035,-0.0112592226495801,-0.0131738788507889,-0.0152095550009644,-0.0127215347107061,-0.0103062196519933
"33",-0.00834864477569308,-0.00895760897989683,-0.0103648492693437,-0.00918904215347243,-0.00867501112934412,-0.0125720765529684,-0.014787272178961,-0.0122593124839503,-0.0103517024282735
"34",0.00613886651758833,-0.00981297851007375,-0.0104726336399005,-0.0053652079517184,-0.00911886917419719,-0.0125329218494242,-0.0150843783287707,-0.0120536746601558,-0.010352959423945
"35",0.0125298205250921,-0.00824901690016216,-0.00916153459581558,-0.00708735574044846,-0.00911995522357872,-0.0123439653904699,-0.0140564573020099,-0.0117226496300348,-0.0103317664498382
"36",0.0074727483651813,-0.00842704257894331,-0.00755405549027216,-0.0115941292164636,-0.00889828890007188,-0.0125544626236589,-0.0132194854773736,-0.0118747241446711,-0.0102976774567439
"37",-0.00101263310864397,-0.00856427258509091,-0.00505633565610952,-0.0112254242430883,-0.00824433878219599,-0.0123869434165559,-0.0125705972766467,-0.0116606583349071,-0.0103342598068453
"38",-0.00981523618236579,-0.00930035014889313,-0.00773307648419295,-0.00767631116994557,-0.0071592592850043,-0.0115657671256169,-0.0122098869469942,-0.0112424172659604,-0.0102967295854676
"39",-0.0225356856366528,-0.00971520725610421,-0.0102540059428527,-0.00633604986260768,-0.0106066397993053,-0.0115766519155929,-0.0129263380634754,-0.0111836801674572,-0.0102974376196513
"40",-0.00239433557485036,-0.0107152705886107,-0.011151163444081,-0.000923101468186771,-0.0126022471367786,-0.0135295596426472,-0.0154895091898537,-0.0132406359182856,-0.0103020341206619
"41",-0.00382742779742795,-0.00866186211799395,-0.010475931643675,-0.0036818410349527,-0.00811878349318274,-0.0128838012367786,-0.0151353858190433,-0.0126348009539926,-0.0103147080092572
"42",0.0062962526952921,-0.00926876222812299,-0.0131507286629876,-0.0058148031765203,-0.0124690166890865,-0.0123953095839695,-0.0150099107322209,-0.012229497023589,-0.0103350702363925
"43",-0.0209151448327534,-0.00866152477625054,-0.0123276508720476,-0.00893431794576757,-0.0105925535939978,-0.0121888011278668,-0.0143812662706522,-0.0117543407261295,-0.0103302484959682
"44",-0.0103537084625662,-0.0102997902510815,-0.00868249292901167,-0.00410565359863913,-0.00992216695049498,-0.0135050763374126,-0.0163951541004059,-0.0136023086268309,-0.0103568758766668
"45",-0.0132709532019177,-0.00977237995897262,-0.00941450942025066,-0.00113317649253154,-0.00985515008387215,-0.0135001434679096,-0.0168595396678777,-0.0133798330874242,-0.0103945788143543
"46",0.0353069013239953,-0.0100055415990014,-0.0120210470291238,-0.00359671472039713,-0.0134397842765745,-0.0139147373979728,-0.0176623315379246,-0.0133909290472033,-0.0106228493150947
"47",-0.00939565408627097,-0.00682969684174606,-0.0127647006825524,-0.0132066782967865,-0.00756856554053128,-0.0161143064364351,-0.0160284250664212,-0.0163284198514898,-0.0109472875787116
"48",0.00220534884302026,-0.00946971123040115,-0.0110452077158502,-0.0101587210052127,-0.0108406558297246,-0.0159258735262765,-0.0166929432920422,-0.0160086965217232,-0.0109095911905429
"49",-0.0156173232419938,-0.00876494507836911,-0.0117671307610723,-0.00692515212643721,-0.00652583860604647,-0.0150417210022393,-0.0159162130822148,-0.015496020175584,-0.0108250643518004
"50",-0.010158479533616,-0.0101650737594017,-0.0106106051262344,-0.00498602929246982,-0.0103651732239608,-0.0155277008943043,-0.0169905475796773,-0.0157430790943214,-0.0112437309470173
"51",0.0407036535938881,-0.00968985294534765,-0.0100672541612831,-0.00215617062026693,-0.0103721629262611,-0.0154360733164524,-0.0175663304947561,-0.0154440541601692,-0.01122777472275
"52",-0.0250818491045264,-0.00638899122052062,-0.0115073692093979,-0.01344860439673,-0.00739423553216412,-0.0180022690327627,-0.0159775207763964,-0.0187591963133698,-0.0110690565954137
"53",0.0183532924923533,-0.0107036820063825,-0.0130045907539314,-0.00628831587959221,-0.0133975102880637,-0.019131081972479,-0.0182249377940652,-0.0198141909502086,-0.0116726744038724
"54",0.0197907260150716,-0.00799060960993394,-0.0115022698419368,-0.00614675076933196,-0.00390393567096767,-0.0194595855438308,-0.0172412476289007,-0.0198193916479446,-0.0113878029184948
"55",0.000964681968203429,-0.00766872670498779,-0.00712016308023227,-0.0136488723897079,-0.00970833251782817,-0.019900264033009,-0.0162458195192011,-0.0199480503507851,-0.0113805363665078
"56",-0.0123112882275977,-0.00881058428653063,0.00231412375996416,-0.0109210252389282,-0.00742974304957972,-0.0185935855267028,-0.0156404767509271,-0.0191668439706968,-0.0113865124787242
"57",-0.00315855914055518,-0.00977002912368989,-0.00965557697094348,-0.00666134933332072,-0.00654919429034188,-0.0184523209487214,-0.0163558908652542,-0.0188158404223938,-0.0117168452007799
"58",-0.00961051925623746,-0.00925312255578324,-0.0122075248075349,-0.00487319180926141,-0.00986685806198466,-0.0175276693048091,-0.0161212594135616,-0.0181610442739356,-0.0117337809454437
"59",0.00349178249801163,-0.00958507529223017,-0.0118099037578194,-0.00496528755808737,-0.0117530990240423,-0.0172342828022495,-0.0165845958985971,-0.0177312436607776,-0.0117118535793696
"60",0.0345554764010716,-0.00875610393936283,-0.0103472125205307,-0.00690076322707541,-0.0104620996681018,-0.0164325681540222,-0.0159558795811223,-0.0171294155755186,-0.0116961438018192
"61",0.00065856349187321,-0.00705406928638259,-0.00654053573417519,-0.0146914835699233,-0.00632290130586928,-0.0183882370747138,-0.014548708183354,-0.0193252806324199,-0.011728876033028
"62",0.00248432798364018,-0.00878950715644899,-0.00673834113388684,-0.0133020399680251,-0.00987238293189967,-0.0172511919813956,-0.0140615208828877,-0.0186237051801342,-0.0117118352186354
"63",-0.00109538961410216,-0.0089838715494118,-0.00167098878790116,-0.00825852928880197,-0.00517483770633017,-0.0162439487746735,-0.0135715459461839,-0.0179016055650762,-0.0116923681351937
"64",0.000511235122806042,-0.00890033601869625,-0.00379771858395072,-0.00744949897870338,-0.00705165766439134,-0.0151900896135942,-0.0132435374033986,-0.0172809740666058,-0.0117228796085972
"65",-0.0010226662062065,-0.00901435005779185,-0.00812900294997849,-0.00741820775224409,-0.0115137665380426,-0.0142169729195871,-0.0125206044853443,-0.0166846900610833,-0.0114141394991259
"66",-0.00726213228149231,-0.00906951880748287,-0.011931842011765,-0.0080035482917933,-0.00699030369266783,-0.0133482901338731,-0.0122691928435852,-0.0156541979245351,-0.0114196806771034
"67",0.00139796963155092,-0.00967935461011077,-0.0131530339838377,-0.00649593662808853,-0.0115222215238893,-0.0128151263098442,-0.0126877020893221,-0.0152053885241338,-0.0114388371162527
"68",-0.0195997099567924,-0.00881842264086698,-0.0106663172053801,-0.00582247062452004,-0.0103610637223755,-0.0120915678202808,-0.012281707575921,-0.0140841491963838,-0.0114090544721972
"69",-0.00337937195707472,-0.0101825396765925,-0.00693447199800574,-0.00409575166509587,-0.0098125018591346,-0.0137361955280976,-0.0144318841395011,-0.0159783765591319,-0.0117709867844013
"70",0.00232917524294862,-0.00928614422367102,-0.0066675929941001,-0.00464816666161492,-0.00952488732157217,-0.0131944712748756,-0.0142713060412236,-0.0152208255011781,-0.0117906676290958
"71",0.0267334732998536,-0.00873559820856355,-0.0112287777456159,-0.0074276505609559,-0.0125863458788178,-0.0126036222784847,-0.0137252296847521,-0.0147163998716544,-0.0117415908160589
"72",0.00146007791048763,-0.00746612322742918,-0.00941228548048866,-0.0140722398640506,-0.00620297178510741,-0.0141758079854812,-0.0126587326237274,-0.0161910548072475,-0.0117745393555669
"73",0.0103804298083681,-0.00903280929934914,-0.00739283520081891,-0.011713130770272,-0.0104334558647617,-0.0133056108123741,-0.0122596305662417,-0.0156349604921165,-0.0117575406983833
"74",0.000505163183500912,-0.00819646976388051,-0.00590496944758029,-0.00939521489145432,-0.00429217444697832,-0.0133268607951316,-0.0113603430789455,-0.0153815489963701,-0.0117561852137767
"75",-0.0044122300186098,-0.00912499682639014,-0.00755960707976847,-0.00932967310104141,-0.00990627848161447,-0.0125309028802269,-0.0110294912463927,-0.0148160195708639,-0.0117442839375143
"76",-0.0015963934956762,-0.0096548722968255,-0.00977647862448906,-0.00738409074091366,-0.00790248961649139,-0.0121511696492029,-0.0112091415381009,-0.0143947020487578,-0.011785236734063
"77",0.00434733974709811,-0.00903415745486976,-0.0108286996127698,-0.00564884345393907,-0.00976440474093491,-0.011493235821897,-0.0110824979587782,-0.0135302203085759,-0.0115992459548103
"78",0.00921134149704628,-0.00864542726764952,-0.0134112792973002,-0.00625323977724148,-0.010745011875692,-0.0109181176764594,-0.010679992783953,-0.0124550698664063,-0.0116012985253756
"79",0.000215099415498798,-0.00846706801211658,-0.00896810184071173,-0.0103927413928343,-0.00786766532513718,-0.0111035033066869,-0.0101533001008582,-0.0122628258485742,-0.0116163640338629
"80",-0.00394677956338807,-0.00893306099002192,-0.00561425972747861,-0.00817313912940889,-0.00887640589672956,-0.0104175466424127,-0.00990093094812708,-0.0117932599748997,-0.0119130932374296
"81",-0.00591363014531954,-0.0093960565298823,-0.00454453438687449,-0.00585455290440445,-0.00725007022780573,-0.0101473253079385,-0.0100637284631492,-0.0112567740657128,-0.0118986169914439
"82",0.0204743353672798,-0.00964798314804149,-0.00933895325323732,-0.00686932994839597,-0.0114133156775108,-0.0100877562772166,-0.0104437413475306,-0.0108893340933923,-0.0118851404496249
"83",0.00276003656835044,-0.00763578319082906,-0.00730646189621414,-0.00804140002929288,-0.0085571964098538,-0.0111918766090672,-0.00967820582794143,-0.0122658588039702,-0.0119253141206072
"84",-0.00481716552277778,-0.00873795182660396,-0.00761168947856173,-0.0119330762174648,-0.00956139806958849,-0.0106734674955623,-0.00938213949354349,-0.0117981311893736,-0.0118579285829521
"85",0.00862607002027893,-0.00927342335039027,-0.00862251885998363,-0.00746874130577438,-0.00558727013603764,-0.0104343323054635,-0.00953189657100934,-0.0114289982967845,-0.0118869175282055
"86",-0.0179713226565346,-0.00860122169615066,-0.0093840212197703,-0.00894978682590493,-0.0106259913645725,-0.0106197873797848,-0.00907020110848622,-0.0113083424000672,-0.0116742260965557
"87",-0.00258370620632853,-0.0101299294662035,-0.0065284720176769,-0.00498558771770922,-0.00985732370785852,-0.0118983352005177,-0.0109789535684981,-0.0123746093386318,-0.012250955825946
"88",-0.00186990245869989,-0.00893135942342426,-0.00822392267863393,-0.00476185112668019,-0.00769624218324062,-0.0113709143487172,-0.0109550381431196,-0.011926768712055,-0.0123853526450749
"89",0.0111686003035976,-0.00928455307199411,-0.0134015989007862,-0.0068245632214133,-0.0121186414346458,-0.0108254954885166,-0.0108517641253817,-0.0114942217199199,-0.0120505447488719
"90",0.000142417355293745,-0.00814465315296879,-0.00990905030962652,-0.00852293286992332,-0.00947403417533922,-0.0111845828073677,-0.0102997374006791,-0.0115679246215671,-0.0120444082521032
"91",0.00206182019090395,-0.0090439846426805,-0.00844880403970904,-0.00983567080860955,-0.00935526822436074,-0.0104401971250351,-0.010023092815664,-0.0111305959373705,-0.0120320714043462
"92",0.0124255030134401,-0.00871478845201481,-0.00464492247951974,-0.00696933183726179,-0.00705425081526957,-0.00982314900033881,-0.00971882768863483,-0.0106828105816237,-0.0120207083591381
"93",0.000911782813854956,-0.00846862899258828,-0.008591356440427,-0.0102717348748041,-0.00850434738777065,-0.0104700115464502,-0.00919711506055375,-0.0109167570812307,-0.0120590005211374
"94",0.00273007544823045,-0.00887686664560273,-0.00699087215251437,-0.0107535970860557,-0.00919271597673813,-0.00980758176068991,-0.00895874658547727,-0.0104989366922206,-0.0120254632772364
"95",-0.0081422441814416,-0.00875196883655495,-0.00769084987877807,-0.00806527028837637,-0.00711349662944461,-0.00944175866042151,-0.0086949950653957,-0.0101530193999293,-0.012059422484242
"96",-0.0170593398899888,-0.00966489612480531,-0.0129163903887162,-0.00765134432865853,-0.00888435153760256,-0.00967769884755596,-0.00934427460418291,-0.0101182387770107,-0.0120282456184253
"97",0.000143471932960715,-0.01019109166593,-0.010850580017225,-0.002939370024527,-0.0117305267794498,-0.0109174373390949,-0.01102654205333,-0.0112568639396081,-0.0124406920024151
"98",-0.0134949235963795,-0.00883426406282635,-0.0109120648556532,-0.00378009602250058,-0.0106537442998213,-0.0102446193012843,-0.0107093778039098,-0.0108213314693627,-0.0124175012097888
"99",0.00738322825260518,-0.00982929867436496,-0.0101715399329425,-0.0042622395464242,-0.0102823619452906,-0.0109324296321561,-0.0118789678028052,-0.0117419181264061,-0.0125957752642029
"100",0.00460505380634846,-0.0086553019048847,-0.0119377833479243,-0.00627585823331208,-0.0105614506777368,-0.0109456385200605,-0.0113560181270385,-0.0115779051231145,-0.0125376382953797
"101",0.00501264049006078,-0.00872952437897056,-0.00935346391621298,-0.0102295377987271,-0.00990516447315252,-0.0106969583979681,-0.0109271604170713,-0.0113021496972379,-0.0125271101151153
"102",0.00249650933935364,-0.00846919562851634,-0.00503853784629887,-0.00726917336049811,-0.00719517358968282,-0.0104778192668322,-0.0105128580387887,-0.011056662361723,-0.0125167900932102
"103",-0.0103845952788397,-0.00902809621633426,-0.00858465503606037,-0.00887764497198873,-0.00910579350539002,-0.01006754778194,-0.0101728598527888,-0.0107558152429301,-0.0125059255384891
"104",-0.00584862861065361,-0.00967428765862467,-0.00901146240342634,-0.00630300177160117,-0.00823797243577361,-0.0105359799638229,-0.0110776282930556,-0.010571981032724,-0.0125308337391833
"105",-0.000507199010129078,-0.00910879051827095,-0.0113517204470384,-0.00328267563863026,-0.0091200786281671,-0.0104484417043543,-0.0114135278382723,-0.0103425448699057,-0.0125530828675748
"106",0.0197999655609697,-0.00903854071093703,-0.0140747752215321,-0.00608854283779088,-0.0103803951033669,-0.00986798725050786,-0.0111507424307371,-0.0100122077919954,-0.0125200800427802
"107",-0.0324135218566308,-0.00792105053802236,-0.011474683754864,-0.0126651420400274,-0.00990651795556137,-0.0111231875161489,-0.0103604722571128,-0.0114008029147025,-0.0124886675167052
"108",0.0024184012730375,-0.0112589267316212,-0.0114033270121869,-0.00466055407114969,-0.012337918374822,-0.0133881700915219,-0.0136179138217654,-0.0146627297396684,-0.0127164106003416
"109",-0.00498979896430196,-0.00876847910618988,-0.00978042465389128,-0.00428005938663197,-0.00720981898129176,-0.0128001835847151,-0.0131536590962778,-0.0141750675709187,-0.0128188564018119
"110",-0.0148216573447462,-0.0092870200660759,-0.0100541327553547,-0.00586644732401542,-0.0111903944800677,-0.0124780194862792,-0.0132901118843551,-0.0137272168169853,-0.0127991912219057
"111",0.00380062448093366,-0.0100170385805313,-0.00955815327418753,-0.00463276431131496,-0.0115590316783557,-0.0130316044557178,-0.0147504191199513,-0.0140249504117327,-0.0130849516844887
"112",0.0125646685559451,-0.00873092872308436,-0.0137035480478663,-0.00483793428125341,-0.0103557926830843,-0.0125810199172579,-0.0140178475889437,-0.0135528607193045,-0.0131293038293615
"113",0.000587478322466417,-0.00813956728389068,-0.0126652283922354,-0.010402120615478,-0.00864772502533882,-0.0129236946807565,-0.0132342744725423,-0.0135952143080398,-0.0131267490150504
"114",-0.00485633581089484,-0.0090890692716965,-0.00812766907366932,-0.00970397482950341,-0.00963411948944246,-0.0122154012819704,-0.0127961689576437,-0.013169464052556,-0.0130970682006376
"115",-0.00978436403674454,-0.0093051665144838,-0.00796102766683697,-0.00756211785264728,-0.00651333594354315,-0.0119275146341388,-0.0129392465391707,-0.0128162053398918,-0.0131124879528696
"116",0.00126537502037127,-0.00981999187121672,-0.00980201009718534,-0.00568711835159307,-0.0115592754407051,-0.0120594831816179,-0.013638745217174,-0.0126095437350097,-0.0130771475549972
"117",-0.016364728760168,-0.00870737059305828,-0.0139613550644163,-0.00479844175332279,-0.0103278569780397,-0.011479093221396,-0.013153519825045,-0.0121680099072629,-0.0129036444887404
"118",-0.000988777110446648,-0.010158192555393,-0.0118418894825639,-0.00477880089831995,-0.0102827244577715,-0.0122511711786407,-0.0148656760649083,-0.0129022402746933,-0.013177252749138
"119",-0.00197988975864227,-0.00917651078530637,-0.0148801871037548,-0.00665936876818841,-0.00955068005385567,-0.0116297133966335,-0.0145114825889209,-0.0124267684039441,-0.0131498978036782
"120",0.0047149920338212,-0.00918677119326727,-0.0137983406360861,-0.00561903221753713,-0.0116940323164986,-0.0111415277558541,-0.0142935723539779,-0.0120444921992693,-0.0131686191999768
"121",-0.0275358330936468,-0.00855018200936144,-0.00753720649269324,-0.00719532094956194,-0.0100471563019209,-0.0109253213985496,-0.0136504054207608,-0.0117466445860545,-0.0131435445618723
"122",-0.00547389736587078,-0.0106751558440582,-0.00821392594417447,-0.00297112998115529,-0.010281307442311,-0.0126800354694662,-0.016618490635207,-0.0139083775973744,-0.0132305846812296
"123",0.00352219194612324,-0.00972897977204971,-0.0147488944364342,-0.00305580078032035,-0.00994680356825959,-0.0124094571960398,-0.0166740086534381,-0.0135752086383246,-0.0132595710785853
"124",0.00312058321263109,-0.00873667788853298,-0.0133791624283357,-0.00785454318193008,-0.0135197344190117,-0.011993295115784,-0.0161100337114233,-0.0132066681952778,-0.013267438441348
"125",-0.0172852620107466,-0.00924090258850409,-0.013607967611253,-0.00912863409920297,-0.0102407893311137,-0.0115752337412288,-0.0155009688705587,-0.0128461779931283,-0.0132602978974323
"126",0.00102990151249838,-0.0100620386370727,-0.0119384932123155,-0.0034082601518773,-0.00912555082681112,-0.012733819139793,-0.0170749162994611,-0.0134488478108409,-0.0134494725868452
"127",-0.0102655093360848,-0.00892884792192205,-0.0142611807619217,-0.00411310487281706,-0.0103729573087217,-0.0122324434151046,-0.0165506836884609,-0.0149882852919116,-0.013338693735295
"128",0.0176013870420206,-0.00935870270070411,-0.00896785385257431,-0.0043196574010017,-0.00912956564592911,-0.0124001673485023,-0.0171753629090303,-0.0146575377149759,-0.0133499013805872
"129",-0.0194427980931344,-0.00777897537150703,-0.0101004944023703,-0.00703885514430416,-0.00866991157557842,-0.0130664252091537,-0.0159837488370591,-0.0148612456898714,-0.0133425149900184
"130",0.00407857203968298,-0.0101341936941418,-0.0112295229552546,-0.00685376292396297,-0.0108682588849715,-0.0151041353868024,-0.0179745531502328,-0.0166920511711236,-0.0134881113393512
"131",-0.0117208313296384,-0.00872563360700307,-0.0151027111942142,-0.00593714539703221,-0.00813758321876029,-0.0149180901416828,-0.0172799282002093,-0.0165686493422472,-0.0134811228847852
"132",-0.00908483946831584,-0.0100059925453419,-0.0121056950803734,-0.00660487547737072,-0.0114635614855248,-0.0137987184100553,-0.0179429695573891,-0.0165610788243768,-0.0135030416411098
"133",-0.01419754875098,-0.00934445002641575,-0.00898863193308788,-0.00394940374057722,-0.00934958183945871,-0.0146802618130577,-0.0183894043282875,-0.0164925208046918,-0.0134563406531483
"134",0.0242512464749804,-0.0096704403444163,-0.0126691640554172,-0.00154433013742403,-0.011285451646832,-0.0149018882603247,-0.0192866233840702,-0.0165557738781521,-0.013620667928524
"135",0.00995340217986485,-0.00748600005100854,-0.0150223060041868,-0.00694370154704489,-0.00856579521407029,-0.0155021516196652,-0.0177251331881208,-0.0169165938407567,-0.0136129509771687
"136",0.00621108757625954,-0.00836881289914009,-0.00804859895253756,-0.0114229204752304,-0.0101465013167548,-0.0155270980330868,-0.0168094149410942,-0.0168737548906646,-0.0136530490946144
"137",0.000555361194371606,-0.00869784459673219,-0.00757318125555759,-0.0104128956967056,-0.006275471789975,-0.0154038873346585,-0.0160869574961648,-0.0168039945181195,-0.0136131201405992
"138",0.0112808320556139,-0.00912830518758204,-0.00654768001601805,-0.0107639974893862,-0.0086938034652048,-0.0147279237653098,-0.0156101073020066,-0.0152635123898362,-0.0136961080657949
"139",0.00539790078635161,-0.00795479287996861,-0.00791577543509392,-0.00681381433048204,-0.00600010926600973,-0.0148230482119421,-0.0147261251587707,-0.0151822057347014,-0.0136882336245204
"140",-0.0209721274898467,-0.0089161756570119,-0.00803256686769293,-0.00789564267790096,-0.0097875933387919,-0.0146250784470442,-0.0141207306450607,-0.0150729105012648,-0.0135435031895951
"141",-0.000238882127035822,-0.0103686157977921,-0.0120137737196897,-0.00473732405817248,-0.00899399233834829,-0.0158357169145725,-0.0162029612816174,-0.01681152787656,-0.0137318646917368
"142",-0.0147724363508379,-0.00906599189657993,-0.0138906291143232,-0.00394254770273507,-0.00853195746759303,-0.0154822106478951,-0.0157712894144816,-0.0166742703067203,-0.0137065008482562
"143",0.0211274210357555,-0.0100779320691217,-0.0120657816839161,-0.00579304034321848,-0.0140793949575327,-0.0157056861242081,-0.0169392035196447,-0.0167437342691373,-0.0137979452777379
"144",0.0176610229076388,-0.00725117941529711,-0.00436768041734364,-0.00687908406457224,-0.00650061976023048,-0.0158172948168986,-0.0156002919163699,-0.017024520436485,-0.0137800521495975
"145",-0.0133147813153824,-0.00818102816475674,-0.00832760648540811,-0.0163533181772591,-0.0100669399772985,-0.0161400454177831,-0.0143827344189354,-0.01717266090702,-0.0137684681251571
"146",-0.00529683718811924,-0.00988371023403225,-0.00524951323255793,-0.00638632633327039,-0.00753185247316035,-0.0162826648224205,-0.0154551447493795,-0.0171725453621145,-0.0137711080480805
"147",-0.00931720420495807,-0.00958478488596601,-0.00862616106935478,-0.00393448246777436,-0.00870157289223483,-0.0161041951736649,-0.0156098468398578,-0.0167346481578885,-0.0137487152297113
"148",0.0266052612912109,-0.00934611714191091,-0.00697007353558631,-0.00177848692216137,-0.0110343112225525,-0.0160894352260465,-0.0162047305629075,-0.0168226792519988,-0.0137847546730242
"149",0.00443050498987496,-0.00728236450598422,-0.00984784420117923,-0.00970437738710542,-0.00791169764289838,-0.0167595332928791,-0.0147370467312927,-0.016205075202143,-0.0137886319093333
"150",-0.0150035000911437,-0.00854245066417365,-0.0115361104252837,-0.0125849971451067,-0.00980024189574716,-0.0162101567756419,-0.014171146905511,-0.0160390921768443,-0.0137793768664417
"151",0.0184106323875604,-0.0102647877844774,-0.010288334788588,-0.00620231587098837,-0.00726052345027025,-0.0164100885201513,-0.0154370236524268,-0.0161049736771009,-0.0138349684943574
"152",0.0103046446182393,-0.00761865047162447,-0.00861372658558163,-0.00623246973150306,-0.00757976468793561,-0.0167415555430788,-0.0143100525727697,-0.0162995931668903,-0.013853136987914
"153",-0.0104587503108018,-0.00839401946666945,-0.00194378330249466,-0.0117721153033167,-0.0100471669565646,-0.0167384400228082,-0.0135380386451057,-0.0162246960505418,-0.0138563290500143
"154",-0.00604885494823471,-0.00954780554497528,-0.00449053464844685,-0.00687617140503589,-0.00664334153839846,-0.0167415047011285,-0.0143284100846314,-0.0159956434130568,-0.0138515452086778
"155",0.00751603836804993,-0.00929119301233873,-0.0134797291630938,-0.0063008932151828,-0.00874392502685144,-0.0165574198274655,-0.0146108770845077,-0.0158325537001047,-0.0138605126692321
"156",0.00485155514766156,-0.00867218488296122,-0.0115236841778901,-0.00671016027732168,-0.0115668476979708,-0.0164463901997816,-0.0139340033565609,-0.0157096590675292,-0.0138677040892062
"157",-0.0137686677680646,-0.00867458328968526,-0.00717813149795184,-0.00823081310530072,-0.00887219159559754,-0.0162306649163946,-0.0133866029906567,-0.015383579888117,-0.0138631261478257
"158",-0.010964249358886,-0.00985139869391315,-0.00553225547062678,-0.00564890042134946,-0.00835312640874651,-0.0163777075958297,-0.0146704357584471,-0.0154216620615526,-0.0138407716613994
"159",0.0046352936571159,-0.00971003156685068,-0.0117707815821812,-0.00510920675448307,-0.0101529886622318,-0.0164100510470089,-0.0153508151723365,-0.0153758497180588,-0.0138493327560543
"160",0.00172281385871287,-0.0088668477555281,-0.012277362822564,-0.00795572369750855,-0.0120927873980875,-0.0161883743858543,-0.0147555241802226,-0.0152131378670062,-0.0138805761733543
"161",0.0143720381826569,-0.00907429707232649,-0.00690164550809609,-0.010013699813135,-0.0103192204017384,-0.0158538013879534,-0.0142949045832286,-0.0150302917433783,-0.0138632519052918
"162",-0.0204939531612123,-0.00798576331721136,-0.00855004553863173,-0.00835107793056664,-0.00658738431934448,-0.016037813191435,-0.0133694270956723,-0.0150990377765509,-0.0138517232946666
"163",0.00290860035262064,-0.0103280939329765,-0.0109819185398409,-0.00587354695404263,-0.0105061141669098,-0.0164780313921459,-0.0154678894599253,-0.0157397603650211,-0.0138954634485408
"164",0.00968714601009157,-0.0088130474500722,-0.00978162862181296,-0.0056907939051259,-0.00865073873011452,-0.0161836612989811,-0.0149764386592139,-0.0154937524167186,-0.0138852153976272
"165",0.0120547007022767,-0.00854493526457194,-0.00896862235823146,-0.0101872810746416,-0.0103251241367796,-0.016158114240425,-0.0142756665661191,-0.0153430814993272,-0.0139453478631532
"166",-0.0108117568623785,-0.00813778675997664,-0.00776957945918927,-0.0098740744414752,-0.00750089823608154,-0.0162408418489456,-0.0135265930773132,-0.0153334359595705,-0.0139159708706836
"167",-0.00623113233269024,-0.00972668945160132,-0.0116649722142341,-0.00723049742850263,-0.00830677703077511,-0.0162711211511862,-0.0142951906452194,-0.0151168049686904,-0.013915469352292
"168",-0.000859557792533217,-0.00911264143434167,-0.00998571505014288,-0.00141571799880504,-0.00794212835123842,-0.0161158034154558,-0.0143049969773988,-0.014977908000166,-0.013927574562723
"169",-0.0305690031394565,-0.00920711227685593,-0.00899699864203102,-0.00581899524511944,-0.0109134500460864,-0.015747973812467,-0.0140259634819985,-0.0147953417265738,-0.0139542996149959
"170",0.00313978314297447,-0.0108965828738365,-0.00967051196186614,-0.0013178910809377,-0.0136272719256938,-0.0169618150221323,-0.017030455754677,-0.0161247484838739,-0.0140573576609389
"171",0.0204450273818217,-0.00884497837237127,-0.0138726438499702,-0.00233715252629225,-0.00935640184078844,-0.0163146047535594,-0.0164694165122995,-0.0159585935298747,-0.0140026869549572
"172",-0.0301372048062234,-0.00760161005764061,-0.014594424029519,-0.0104682000882319,-0.00941544449649284,-0.0167305196741557,-0.0153525363105555,-0.0162378688931377,-0.0140116783940091
"173",0.00405010247792337,-0.0108341806969933,-0.00645249856264604,-0.00222300522123688,-0.0114862864604824,-0.0182508869192289,-0.0185062409480265,-0.018156800064716,-0.0143922492002139
"174",0.014364185245773,-0.00890058334390203,-0.0105084095576054,-0.00533333735411187,-0.00779345000100226,-0.017990430920696,-0.0177512455287527,-0.0180351410333645,-0.0144433470793395
"175",0.0046102459166848,-0.00812321390621527,-0.00967298939198462,-0.0109131860749368,-0.0105736303606653,-0.0181384281174806,-0.0164364730808805,-0.0180658813574042,-0.0141271995818877
"176",-0.0487542615005658,-0.00858258912972287,-0.00755357591247193,-0.0119181500618441,-0.00842131244397363,-0.0179021114214867,-0.0158504857627017,-0.0179358763517236,-0.0141140916912576
"177",0.016599218411101,-0.0119154329595521,-0.0116079983311071,0.00319717569943378,-0.0112703813488457,-0.0193936657830364,-0.0208905120253092,-0.0197966938321474,-0.0144957792377338
"178",-0.0460056541093152,-0.00819814318717378,-0.0181790962957236,-0.00372063392367326,-0.00749198959289981,-0.0195955824411298,-0.0196204924796588,-0.0198499404333786,-0.0144872923042901
"179",0.0292398684349768,-0.0118667786880264,-0.0157088854409278,-0.00136839755392654,-0.0187622467684061,-0.0229427507112767,-0.0245908116398086,-0.0216105151517325,-0.0150426519876684
"180",0.0389454324966634,-0.00726005228251114,-0.0127164016377379,-0.00637506309958866,-0.00424932484089646,-0.0219389545809931,-0.0227580850030587,-0.0220597509281604,-0.0150386702271088
"181",-0.0228995263901526,-0.00685174478556097,-0.0121558282842544,-0.0220130595431727,-0.0116955140326425,-0.0229587910224412,-0.0210597646601952,-0.022610906938369,-0.015028960949445
"182",-0.0230143538438607,-0.0110017260135453,-0.00991488525811525,-0.00981798634559861,-0.0104282422275602,-0.0233350631180159,-0.0242132813250269,-0.0230777620430858,-0.015183725284964
"183",0.00320060313706705,-0.0101060808299927,-0.00534784389830502,0.00185253543377882,-0.00592239928396179,-0.0237076920405523,-0.0255559560384862,-0.0232559061890081,-0.0153047072500142
"184",0.0155181144151779,-0.00912212190225387,-0.0115645214902809,-0.00480374615966276,-0.013246511791917,-0.0233038341687742,-0.0248113797169284,-0.0230793950047815,-0.0153080612794102
"185",0.000496772176324711,-0.00785655136422197,-0.0100544800192499,-0.0104750961646345,-0.00893428201912601,-0.0233369877797879,-0.0240633775600136,-0.0230614894336482,-0.0153250492547604
"186",-0.0816027164518935,-0.00903419789957544,-0.0178443028205776,-0.00855106261729241,-0.00967878377266554,-0.022842018490003,-0.0225393399507153,-0.0228793365446799,-0.0153134769923668
"187",0.0405563393703625,-0.0134336259124938,-0.0109676371932225,0.0117131171613182,-0.0131179818559434,-0.0273967877347561,-0.0304155278580253,-0.0273787692677957,-0.0153735544982957
"188",0.000603366687235152,-0.00716459905996082,-0.0236666764916556,-0.00428168330036593,-0.00491213478946424,-0.028416248052306,-0.0291345906782011,-0.0276297052567665,-0.0153694545484113
"189",-0.0369486169879618,-0.00907062685149071,-0.00343703115233297,-0.0125471131450121,-0.0204876193993222,-0.0276950884542603,-0.0228145472130047,-0.0274133040464817,-0.0153629382342614
"190",-0.0135921870811684,-0.0114138144629203,-0.00587446795351106,0.00131433332674632,-0.00729316420511168,-0.0320835224134715,-0.0316926662833319,-0.0371616049023717,-0.0155482363474374
"191",-0.0522763362926515,-0.010377884176659,-0.0257614304912173,-6.72843102026283e-05,-0.011352604753937,-0.0298287949567213,-0.0322760054638431,-0.0363425667138259,-0.0154182482949029
"192",-0.0458200540483737,-0.0117879181703708,-0.0152523066239905,0.00655972410125,-0.0177268919525461,-0.0411235959276314,-0.0434721986116818,-0.0393387008182407,-0.0158218597870107
"193",-0.0255151082331206,-0.0124284103159595,-0.0171076525931319,0.00939005676339994,-0.0154634769358729,-0.046887600832823,-0.050103895839666,-0.0433047912892923,-0.0158769117295128
"194",-0.0723976193591405,-0.0100186575834846,-0.021477244969644,0.00332932417079113,-0.0144226289711162,-0.0463625991784634,-0.0515282984605537,-0.042765190743111,-0.016067358979365
"195",-0.0245547800849515,-0.0139297939252526,-0.029683819225052,0.0130461889033538,-0.023320017309118,-0.0545191639328124,-0.0714892123131742,-0.0531558820227485,-0.0161471514550874
"196",0.135577384742689,-0.00935200222141016,-0.0292660060980594,0.0124026786029739,-0.00784317385538558,-0.0544442242105319,-0.0723847397361896,-0.0519920674733773,-0.0163187235991121
"197",-0.014910861765796,-0.00284724153258399,-0.021856347995702,-0.0365113050333134,-0.00971157787597239,-0.0669144441038576,-0.0621365160943357,-0.0729441750517761,-0.0163192075767953
"198",-0.103637120119275,-0.00879337991871121,0.0040483983851478,-0.0227205632050814,-0.0148119539843397,-0.0637310267023411,-0.0614085459809737,-0.070309791775815,-0.0163331825301358
"199",0.0408128377011243,-0.0154991979913056,-0.0122130998178088,0.0180148243073469,-0.00546060436475927,-0.0819907469530997,-0.0907335782785151,-0.0814086775781604,-0.0164834247931184
"200",-0.00598976644351801,-0.00685223845422145,-0.0271617902288108,0.00049366334678181,-0.00394083490127318,-0.0824289487328735,-0.0794809693650637,-0.0792383028614841,-0.0164855910547
"201",0.0583439084269575,-0.0090132482907837,-0.0163049151911032,-0.0130855566022159,-0.0207171860097586,-0.0741074998336515,-0.0755996885250703,-0.0757628571149602,-0.0164586841742578
"202",-0.030310157778219,-0.00626345022742194,-0.0223361488029539,-0.0229684031571799,-0.00258307324485657,-0.0742433435388725,-0.070267004075426,-0.0762778875770648,-0.0164912343670554
"203",-0.0559931822533901,-0.010559933226158,-0.0226308642562809,-0.00822615169843903,-0.0129523299332015,-0.073715112548645,-0.0708661059621914,-0.0730608942577203,-0.0168776347956929
"204",0.0115177669689048,-0.0122623230712562,-0.0169328192986391,0.0108847203111816,-0.00742148700383793,-0.0762511364149276,-0.0738513931657518,-0.0731591413111542,-0.0169886713523298
"205",-0.0520456567735366,-0.00889452703981195,-0.00836055432596824,-0.00372469580383475,-0.0123599007039987,-0.0733270855468841,-0.0686665842323484,-0.0699905630307151,-0.0169790967665082
"206",-0.0361465009692576,-0.0121383483525144,0.00472773485032861,0.00169244857512246,-0.0197416608284801,-0.0754658190645792,-0.0741359083045348,-0.0701053505814435,-0.0171279488188271
"207",0.110517187440933,-0.0114855735499803,-0.0306110520389832,0.00943314089260251,-0.0109865615241426,-0.0752906901688761,-0.0764868743513834,-0.0685243795602999,-0.0173195386047178
"208",-0.00727900091585809,-0.00225553418594918,-0.0344558234744604,-0.0259666299893927,-0.00286837144658209,-0.0841095344201166,-0.070635386592459,-0.0794460278404672,-0.0173318170560536
"209",0.0340092253855362,-0.00972579197944612,0.00642438737139791,-0.0243724174710795,-0.0184230134088663,-0.0792135019391333,-0.0676824245468634,-0.0758713774671872,-0.0173631029347506
"210",0.00548855021856642,-0.00657726102578341,0.00447825068990268,-0.0134031739057502,0.00670202174467232,-0.0765809232755717,-0.0547990209029313,-0.0736369909770067,-0.0173309981651504
"211",0.00288684901443315,-0.00819155197725997,0.00339268631628777,-0.0125285562444913,-0.00892087832691708,-0.0691595018045227,-0.0513655472318354,-0.0701784281627844,-0.0173145255227106
"212",0.0334174309219213,-0.00920879228341985,-0.00856909397925518,-0.00821989890866634,-0.00622768785005657,-0.0662886568018525,-0.0464649897486192,-0.0650131157898183,-0.0173349702325612
"213",-0.0429359830660401,-0.006732523440987,-0.0135009285101478,-0.0152345590110251,-0.00410002640965044,-0.0657144346340894,-0.0416914623129585,-0.0630121946032494,-0.0173747020316009
"214",-0.0570056675039368,-0.0118887786758885,-0.0126867964208334,-0.00429576559887198,-0.0144980761580876,-0.0635059932044902,-0.0483852619185412,-0.0604350879082077,-0.0181561805819617
"215",0.0324843283176186,-0.0120371644433298,-0.0198509094621964,0.0124205982297287,-0.00894990238893843,-0.0603004897886932,-0.0643838879252162,-0.058624987911635,-0.0182141370432003
"216",-0.0131907821314483,-0.00775283364872261,-0.0194077202260805,-0.0075840187767082,-0.0118656785887596,-0.059336362102985,-0.0600577009102606,-0.0567477898505609,-0.0182039001435314
"217",-0.0313622667010414,-0.00968887023025274,0.00708790461329178,-0.009586516923963,-0.0162932220312512,-0.0556719616387449,-0.059165474370847,-0.0536772798925484,-0.0181973552210054
"218",-0.0449990628239538,-0.0106973427273439,-0.0102686823982107,0.000894911934532908,-0.00839751169908026,-0.055103641442144,-0.0616082721902794,-0.0521510277877587,-0.0182591033468221
"219",0.0604738829827651,-0.0121405528407027,-0.0145901452067626,0.00771224097742819,-0.0156569851187272,-0.056645629638603,-0.0643819896177468,-0.0524343566055037,-0.0184483894793944
"220",-0.051195334079063,-0.00474349751066907,-0.00942198435499576,-0.0142774258218638,-0.00384605630486504,-0.0603686151320703,-0.0548826188523453,-0.0554590744713512,-0.0184556986968963
"221",-0.0133652085704314,-0.0119098796079871,-0.00373201564311252,-0.00618202450939495,-0.0203126933399665,-0.0623297628822679,-0.0601692904644896,-0.056291984688259,-0.0186862333328346
"222",0.0186617698456066,-0.0106414696839258,-0.0172988213052351,0.00158598042636788,-0.00433352059256122,-0.0584047895910521,-0.0585093807814583,-0.0532066997333568,-0.0187125880708605
"223",-0.0662242097129795,-0.00897110418826831,-0.0313127003886041,-0.0103133276715075,-0.0178503684397529,-0.0556614924962143,-0.0538347625007285,-0.0506162844580466,-0.0187535843305331
"224",-0.0771322529049208,-0.012748136505714,-0.0126882317213854,0.0028468871735619,-0.0158412566079587,-0.0691716652139536,-0.071715384676015,-0.0591149266999485,-0.0194650296829176
"225",0.052537469014533,-0.0126319277293086,-0.0110601198344271,0.02208269111882,-0.00979541308959722,-0.0749076095701235,-0.0860466606008115,-0.0700387245169972,-0.0195069818321696
"226",0.0669962368598833,-0.00603832788332507,-0.0331241941316901,-0.00948388589605688,-0.00978172225420854,-0.0763991039789538,-0.0795395675331568,-0.0689579214078835,-0.019538795597272
"227",0.0073814780495125,-0.00562792552772443,-0.0189151541361978,-0.0295212195048254,-0.0149575477591452,-0.0769632267295902,-0.0705913960756653,-0.0709059110593042,-0.0195046716044471
"228",0.0379136292953453,-0.00775677382971566,-0.00119706277123509,-0.0186145366129603,-0.00299223597648679,-0.074034219987108,-0.0664256842787113,-0.0675148569680326,-0.0195365381156226
"229",0.0125098472186203,-0.00699945088335884,-0.00024993930165702,-0.0165980981337811,0.00180027463785232,-0.0740257723224508,-0.0610966089408244,-0.0642876317097484,-0.0195517820219133
"230",-0.0927495597161565,-0.00813744988632478,-0.00459947672678789,-0.0145114463914449,-0.00846230967974713,-0.0716983538966471,-0.0572122141899496,-0.0614274622067989,-0.0195402005649167
"231",0.0377628079656382,-0.0148875262120619,-0.00217415516694362,0.00998094960305621,-0.0147673173648067,-0.0832870385120526,-0.0758145037587454,-0.0741977309019645,-0.0206770629610699
"232",0.0237570554368505,-0.00651524078749766,-0.0222400970590784,-0.000425523418388887,-0.000646888020958534,-0.0825966804864902,-0.0715358184988125,-0.0735790846912561,-0.0206546939415981
"233",-0.02340505746586,-0.00755377333770294,-0.0297715903214771,-0.0165383910253718,-0.0187179035539486,-0.0797225639992347,-0.0684074333441654,-0.0722780097101478,-0.0206546947088285
"234",0.0303667212835244,-0.0104043686034621,-0.0128029365155328,-0.00395592405503612,-0.00671206109160182,-0.0784205386004952,-0.069043677469558,-0.0708911553085988,-0.021380666435093
"235",0.0343180825280278,-0.00690097385474629,0.000923242825990541,-0.00813664430186995,-0.00352580594719412,-0.0778329746656194,-0.0658718450643916,-0.0700407633561323,-0.0214333407738718
"236",-0.0166207124202451,-0.00685859849714619,0.00757715293558637,-0.019705771466205,-0.00872216756553081,-0.0733668378110779,-0.0598609869649434,-0.06499888929003,-0.0207595032034041
"237",0.00679224791181099,-0.0101819910434677,0.00546883431443529,-0.0104645418519897,-0.00797123597417654,-0.0709599286524582,-0.0591712555094803,-0.0624883000235643,-0.0208037795401962
"238",-0.0243758165179235,-0.0084473523294323,-0.00346504019994452,-0.00817635814113248,-0.00563141468571947,-0.068252090068688,-0.0533030147357526,-0.0609433603500978,-0.0208076607023279
"239",0.0118687583986192,-0.0109212158305193,-0.0159560884979605,-0.00446672810826658,-0.0131522484400211,-0.0672741284248902,-0.0536439052475674,-0.0567808702014837,-0.0215197867758239
"240",-0.0140321648664781,-0.00873851032464714,-0.0224520866901685,-0.0060691144564499,-0.00981982227541496,-0.0651996166891388,-0.0501006247692913,-0.0547575249443586,-0.021537876419576
"241",0.0459919143343903,-0.00959885330843556,-0.00375277563014933,-0.00591163720013276,-0.010993713907747,-0.0616632092217033,-0.0501592101907153,-0.0532487226410032,-0.0215292394843155
"242",-0.00973397862015268,-0.00573101252010898,-0.00632972064747143,-0.0132968008829063,-0.00297375543213512,-0.0630627782210574,-0.0456068288549562,-0.0533500569154481,-0.0215421221460309
"243",-0.0188599626769888,-0.00950914982959678,-0.00585391929085682,-0.0117293359521595,-0.0115811389041719,-0.0606427981830267,-0.0450757594831948,-0.0515086284374079,-0.0215579925090508
"244",-0.00431144202059475,-0.0102753512507159,0.00039185537607671,-0.000780046129704523,-0.00662112080677506,-0.0439669619313376,-0.046385663257723,-0.0388879982034116,-0.0215640457516592
"245",-0.0128958398467924,-0.00903812278357973,-0.00584554433421491,-0.00318618303552389,-0.00933106886972594,-0.0380863173179997,-0.0435722037150735,-0.0363758878848177,-0.021566394712992
"246",-0.0103913812638359,-0.0101972457362457,-0.0146105244147364,-0.00357244948408735,-0.0141390871265483,-0.0360732092560422,-0.0432671647808449,-0.0344184077435193,-0.0215662538708722
"247",0.00578630569620842,-0.00959003489047984,-0.0128867876816758,-0.00352334740667876,-0.0102516257118302,-0.033832781830344,-0.042276580147203,-0.0324350567066723,-0.0215820097655438
"248",0.00575334859071042,-0.00861048779803607,-0.0177674939325541,-0.00643841200052421,-0.0113032557704842,-0.0303916734215568,-0.0394005635809172,-0.0303875679326249,-0.0209171928057691
"249",-0.00287248605209101,-0.00871245095094636,-0.00859812817117519,-0.00982546697387251,-0.00948934838223038,-0.0278263324856582,-0.0357420014526696,-0.0284781858447628,-0.0209267513865758
"250",0.0234262161197192,-0.00947667017147764,-0.00825492650497241,-0.00876658788736596,-0.00828155229730146,-0.0250455121467361,-0.0325701584897329,-0.0266280437079158,-0.0209491708143174
